# MySQL-Front 5.1  (Build 4.13)

/*!40101 SET @OLD_SQL_MODE=@@SQL_MODE */;
/*!40101 SET SQL_MODE='STRICT_TRANS_TABLES,NO_ENGINE_SUBSTITUTION' */;
/*!40111 SET @OLD_SQL_NOTES=@@SQL_NOTES */;
/*!40103 SET SQL_NOTES='ON' */;
/*!40014 SET @OLD_UNIQUE_CHECKS=@@UNIQUE_CHECKS */;
/*!40014 SET UNIQUE_CHECKS=0 */;
/*!40014 SET @OLD_FOREIGN_KEY_CHECKS=@@FOREIGN_KEY_CHECKS */;
/*!40014 SET FOREIGN_KEY_CHECKS=0 */;


# Host: 115.47.57.234    Database: Think
# ------------------------------------------------------
# Server version 5.6.11

#
# Source for table ad
#

DROP TABLE IF EXISTS `ad`;
CREATE TABLE `ad` (
  `id` int(11) NOT NULL AUTO_INCREMENT,
  `name` varchar(255) DEFAULT '' COMMENT '广告名',
  `ad_1` varchar(255) DEFAULT NULL COMMENT '广告1',
  `ad_1_url` varchar(255) DEFAULT NULL COMMENT '广告1url',
  `ad_1_filename` varchar(255) DEFAULT NULL COMMENT '广告A文件名',
  `ad_2` varchar(255) DEFAULT NULL COMMENT '广告2',
  `ad_2_url` varchar(255) DEFAULT NULL COMMENT '广告2url',
  `ad_2_filename` varchar(255) DEFAULT NULL COMMENT '广告B文件名',
  `is_show` varchar(255) DEFAULT NULL COMMENT '是否展示',
  `createdatetime` datetime DEFAULT NULL COMMENT '创建时间',
  `modifydatetime` datetime DEFAULT NULL COMMENT '修改时间',
  `createuser` varchar(36) DEFAULT NULL COMMENT '创建用户',
  `modifyuser` varchar(36) DEFAULT NULL COMMENT '修改用户',
  PRIMARY KEY (`id`)
) ENGINE=InnoDB AUTO_INCREMENT=10 DEFAULT CHARSET=utf8 COMMENT='广告维护';

#
# Dumping data for table ad
#

LOCK TABLES `ad` WRITE;
/*!40000 ALTER TABLE `ad` DISABLE KEYS */;
INSERT INTO `ad` VALUES (9,'ceshi ','Upload/2016-07-26/57975b3ca7f5c.jpg','','57975b3ca7f5c.jpg','Upload/2016-07-26/57975b3ca9d1d.jpg','','57975b3ca9d1d.jpg','是','2016-07-26 20:38:33','2016-07-26 20:44:44','1','1');
/*!40000 ALTER TABLE `ad` ENABLE KEYS */;
UNLOCK TABLES;

#
# Source for table admin
#

DROP TABLE IF EXISTS `admin`;
CREATE TABLE `admin` (
  `id` int(11) NOT NULL AUTO_INCREMENT COMMENT '用户ID（唯一识别号）',
  `user_name` varchar(32) NOT NULL COMMENT '用户名',
  `password` varchar(32) NOT NULL COMMENT '密码',
  `salt` char(6) NOT NULL COMMENT '随机数（增加密码难度）',
  `email` varchar(100) NOT NULL COMMENT '邮箱',
  `depots` varchar(64) DEFAULT NULL COMMENT '管理仓库',
  `create_time` datetime NOT NULL COMMENT '登录时间',
  `status` tinyint(1) NOT NULL DEFAULT '1' COMMENT '启用状态：0:表示禁用；1:表示启用',
  `remark` varchar(255) DEFAULT NULL COMMENT '备注信息',
  PRIMARY KEY (`id`),
  UNIQUE KEY `user_name` (`user_name`),
  UNIQUE KEY `email` (`email`)
) ENGINE=InnoDB AUTO_INCREMENT=10 DEFAULT CHARSET=utf8 COMMENT='管理员列表';

#
# Dumping data for table admin
#

LOCK TABLES `admin` WRITE;
/*!40000 ALTER TABLE `admin` DISABLE KEYS */;
INSERT INTO `admin` VALUES (1,'admin888','fa5a79e9639cdcb2840be41d346681a2','jmnBCx','admin@think.com','1,2,3,4,5,7','2011-11-11',1,'管理员');
INSERT INTO `admin` VALUES (9,'admin','16bbe04304645455110eaaab80634ab0','mVhPRX','Anyou@think.com','10','2016-08-09 09:32:08',1,'');
/*!40000 ALTER TABLE `admin` ENABLE KEYS */;
UNLOCK TABLES;

#
# Source for table admin_login_log
#

DROP TABLE IF EXISTS `admin_login_log`;
CREATE TABLE `admin_login_log` (
  `id` int(11) NOT NULL AUTO_INCREMENT COMMENT '主键',
  `admin_id` int(11) NOT NULL COMMENT '管理员ID',
  `login_ip` varchar(15) CHARACTER SET latin1 NOT NULL COMMENT '登录IP',
  `login_time` datetime NOT NULL COMMENT '登录时间',
  PRIMARY KEY (`id`)
) ENGINE=InnoDB AUTO_INCREMENT=436 DEFAULT CHARSET=utf8 COMMENT='登录日志';

#
# Dumping data for table admin_login_log
#

LOCK TABLES `admin_login_log` WRITE;
/*!40000 ALTER TABLE `admin_login_log` DISABLE KEYS */;
INSERT INTO `admin_login_log` VALUES (1,1,'127.0.0.1','2016-05-25 12:00:10');
INSERT INTO `admin_login_log` VALUES (2,2,'127.0.0.1','2016-05-28 10:48:39');
INSERT INTO `admin_login_log` VALUES (3,1,'127.0.0.1','2016-05-28 10:57:58');
INSERT INTO `admin_login_log` VALUES (4,1,'127.0.0.1','2016-05-28 12:02:39');
INSERT INTO `admin_login_log` VALUES (5,1,'127.0.0.1','2016-05-28 12:28:46');
INSERT INTO `admin_login_log` VALUES (6,1,'127.0.0.1','2016-05-28 13:44:16');
INSERT INTO `admin_login_log` VALUES (7,1,'127.0.0.1','2016-05-28 13:57:19');
INSERT INTO `admin_login_log` VALUES (8,1,'127.0.0.1','2016-05-28 14:18:12');
INSERT INTO `admin_login_log` VALUES (9,1,'127.0.0.1','2016-05-28 14:33:33');
INSERT INTO `admin_login_log` VALUES (10,1,'211.161.248.29','2016-05-28 14:50:10');
INSERT INTO `admin_login_log` VALUES (11,1,'127.0.0.1','2016-05-28 16:56:12');
INSERT INTO `admin_login_log` VALUES (12,1,'127.0.0.1','2016-05-28 18:03:06');
INSERT INTO `admin_login_log` VALUES (13,1,'211.161.248.29','2016-05-28 21:36:09');
INSERT INTO `admin_login_log` VALUES (14,1,'127.0.0.1','2016-05-28 21:41:47');
INSERT INTO `admin_login_log` VALUES (15,1,'180.175.3.182','2016-05-28 21:48:25');
INSERT INTO `admin_login_log` VALUES (16,1,'127.0.0.1','2016-05-29 20:26:03');
INSERT INTO `admin_login_log` VALUES (17,1,'127.0.0.1','2016-05-29 21:31:49');
INSERT INTO `admin_login_log` VALUES (18,1,'127.0.0.1','2016-05-30 21:41:49');
INSERT INTO `admin_login_log` VALUES (19,1,'127.0.0.1','2016-05-30 23:30:40');
INSERT INTO `admin_login_log` VALUES (20,1,'127.0.0.1','2016-05-30 23:49:12');
INSERT INTO `admin_login_log` VALUES (21,1,'180.175.155.102','2016-05-31 09:20:02');
INSERT INTO `admin_login_log` VALUES (22,1,'180.175.6.68','2016-06-02 09:11:37');
INSERT INTO `admin_login_log` VALUES (23,1,'180.175.131.76','2016-06-02 22:44:19');
INSERT INTO `admin_login_log` VALUES (24,1,'117.80.195.235','2016-06-02 22:47:25');
INSERT INTO `admin_login_log` VALUES (25,1,'180.175.131.76','2016-06-03 20:36:02');
INSERT INTO `admin_login_log` VALUES (26,1,'127.0.0.1','2016-06-03 22:24:42');
INSERT INTO `admin_login_log` VALUES (27,1,'211.161.245.194','2016-06-04 10:53:08');
INSERT INTO `admin_login_log` VALUES (28,1,'211.161.245.194','2016-06-04 10:55:27');
INSERT INTO `admin_login_log` VALUES (29,1,'211.161.245.194','2016-06-04 10:56:15');
INSERT INTO `admin_login_log` VALUES (30,1,'211.161.245.194','2016-06-04 10:59:58');
INSERT INTO `admin_login_log` VALUES (31,1,'211.161.245.194','2016-06-04 12:16:15');
INSERT INTO `admin_login_log` VALUES (32,1,'127.0.0.1','2016-06-04 15:45:34');
INSERT INTO `admin_login_log` VALUES (33,1,'127.0.0.1','2016-06-04 15:59:01');
INSERT INTO `admin_login_log` VALUES (34,1,'127.0.0.1','2016-06-04 15:59:31');
INSERT INTO `admin_login_log` VALUES (35,1,'127.0.0.1','2016-06-04 16:00:15');
INSERT INTO `admin_login_log` VALUES (36,1,'127.0.0.1','2016-06-04 16:20:06');
INSERT INTO `admin_login_log` VALUES (37,1,'127.0.0.1','2016-06-04 16:47:39');
INSERT INTO `admin_login_log` VALUES (38,1,'127.0.0.1','2016-06-04 17:53:22');
INSERT INTO `admin_login_log` VALUES (39,1,'127.0.0.1','2016-06-04 20:22:14');
INSERT INTO `admin_login_log` VALUES (40,1,'127.0.0.1','2016-06-04 21:12:29');
INSERT INTO `admin_login_log` VALUES (41,1,'127.0.0.1','2016-06-04 21:22:40');
INSERT INTO `admin_login_log` VALUES (42,1,'211.161.245.194','2016-06-05 15:35:16');
INSERT INTO `admin_login_log` VALUES (43,1,'180.175.131.76','2016-06-05 20:31:23');
INSERT INTO `admin_login_log` VALUES (44,1,'180.175.84.253','2016-06-06 09:21:15');
INSERT INTO `admin_login_log` VALUES (45,1,'127.0.0.1','2016-06-06 21:10:42');
INSERT INTO `admin_login_log` VALUES (46,1,'180.175.131.176','2016-06-08 15:33:28');
INSERT INTO `admin_login_log` VALUES (47,1,'180.175.238.56','2016-06-12 11:02:19');
INSERT INTO `admin_login_log` VALUES (48,1,'180.175.106.159','2016-06-12 11:10:57');
INSERT INTO `admin_login_log` VALUES (49,1,'211.161.245.194','2016-06-12 15:11:13');
INSERT INTO `admin_login_log` VALUES (50,1,'180.175.238.56','2016-06-12 15:43:21');
INSERT INTO `admin_login_log` VALUES (51,1,'116.224.93.143','2016-06-12 16:38:07');
INSERT INTO `admin_login_log` VALUES (52,1,'116.224.93.143','2016-06-12 18:06:01');
INSERT INTO `admin_login_log` VALUES (53,1,'116.224.93.143','2016-06-12 18:06:39');
INSERT INTO `admin_login_log` VALUES (54,1,'221.6.89.114','2016-06-13 10:36:01');
INSERT INTO `admin_login_log` VALUES (55,1,'221.6.89.114','2016-06-13 11:10:37');
INSERT INTO `admin_login_log` VALUES (56,1,'180.175.130.242','2016-06-13 11:23:05');
INSERT INTO `admin_login_log` VALUES (57,1,'180.175.110.159','2016-06-14 09:56:02');
INSERT INTO `admin_login_log` VALUES (58,1,'211.161.245.194','2016-06-14 21:36:35');
INSERT INTO `admin_login_log` VALUES (59,1,'180.175.110.134','2016-06-15 09:14:02');
INSERT INTO `admin_login_log` VALUES (60,1,'180.175.4.215','2016-06-17 15:42:12');
INSERT INTO `admin_login_log` VALUES (61,1,'211.161.245.194','2016-06-18 07:30:23');
INSERT INTO `admin_login_log` VALUES (62,1,'211.161.245.194','2016-06-18 07:34:33');
INSERT INTO `admin_login_log` VALUES (63,1,'211.161.245.194','2016-06-18 07:54:39');
INSERT INTO `admin_login_log` VALUES (64,1,'211.161.245.194','2016-06-18 08:17:37');
INSERT INTO `admin_login_log` VALUES (65,1,'211.161.245.194','2016-06-18 08:30:46');
INSERT INTO `admin_login_log` VALUES (66,1,'211.161.245.194','2016-06-18 16:37:52');
INSERT INTO `admin_login_log` VALUES (67,1,'211.161.245.194','2016-06-19 08:16:06');
INSERT INTO `admin_login_log` VALUES (68,1,'211.161.245.194','2016-06-19 09:17:03');
INSERT INTO `admin_login_log` VALUES (69,1,'180.175.84.133','2016-06-22 14:28:33');
INSERT INTO `admin_login_log` VALUES (70,1,'180.175.155.148','2016-06-23 16:47:10');
INSERT INTO `admin_login_log` VALUES (71,1,'101.90.254.0','2016-06-23 23:23:42');
INSERT INTO `admin_login_log` VALUES (72,1,'180.175.6.133','2016-06-24 09:07:18');
INSERT INTO `admin_login_log` VALUES (73,1,'180.175.84.124','2016-06-25 21:13:56');
INSERT INTO `admin_login_log` VALUES (74,1,'180.175.84.124','2016-06-25 22:31:58');
INSERT INTO `admin_login_log` VALUES (75,1,'127.0.0.1','2016-06-25 22:39:32');
INSERT INTO `admin_login_log` VALUES (76,1,'','2016-06-26 23:18:45');
INSERT INTO `admin_login_log` VALUES (77,1,'180.175.110.43','2016-06-27 14:42:26');
INSERT INTO `admin_login_log` VALUES (78,1,'180.175.110.43','2016-06-27 15:12:03');
INSERT INTO `admin_login_log` VALUES (79,1,'115.174.235.151','2016-06-27 20:38:47');
INSERT INTO `admin_login_log` VALUES (80,1,'61.164.212.229','2016-06-27 21:03:56');
INSERT INTO `admin_login_log` VALUES (81,1,'180.175.84.124','2016-06-27 21:09:02');
INSERT INTO `admin_login_log` VALUES (82,1,'127.0.0.1','2016-06-27 21:42:53');
INSERT INTO `admin_login_log` VALUES (83,1,'180.175.84.124','2016-06-27 22:18:13');
INSERT INTO `admin_login_log` VALUES (84,1,'180.175.110.222','2016-06-28 09:29:12');
INSERT INTO `admin_login_log` VALUES (85,1,'115.174.235.151','2016-06-28 20:03:57');
INSERT INTO `admin_login_log` VALUES (86,1,'127.0.0.1','2016-06-28 20:30:36');
INSERT INTO `admin_login_log` VALUES (87,1,'127.0.0.1','2016-06-28 21:29:32');
INSERT INTO `admin_login_log` VALUES (88,1,'180.175.84.124','2016-06-28 21:50:40');
INSERT INTO `admin_login_log` VALUES (89,1,'127.0.0.1','2016-06-28 21:56:19');
INSERT INTO `admin_login_log` VALUES (90,1,'127.0.0.1','2016-06-28 22:43:39');
INSERT INTO `admin_login_log` VALUES (91,1,'127.0.0.1','2016-06-29 20:24:45');
INSERT INTO `admin_login_log` VALUES (92,1,'127.0.0.1','2016-06-29 21:22:40');
INSERT INTO `admin_login_log` VALUES (93,1,'180.175.84.124','2016-06-29 21:57:34');
INSERT INTO `admin_login_log` VALUES (94,1,'127.0.0.1','2016-06-30 20:27:18');
INSERT INTO `admin_login_log` VALUES (95,1,'127.0.0.1','2016-06-30 21:07:50');
INSERT INTO `admin_login_log` VALUES (96,1,'127.0.0.1','2016-06-30 21:25:02');
INSERT INTO `admin_login_log` VALUES (97,1,'127.0.0.1','2016-06-30 22:32:46');
INSERT INTO `admin_login_log` VALUES (98,1,'180.175.84.124','2016-06-30 23:07:48');
INSERT INTO `admin_login_log` VALUES (99,1,'211.161.248.23','2016-07-02 12:54:35');
INSERT INTO `admin_login_log` VALUES (100,1,'180.175.84.124','2016-07-02 14:19:14');
INSERT INTO `admin_login_log` VALUES (101,1,'127.0.0.1','2016-07-02 15:09:26');
INSERT INTO `admin_login_log` VALUES (102,1,'127.0.0.1','2016-07-02 16:22:02');
INSERT INTO `admin_login_log` VALUES (103,1,'127.0.0.1','2016-07-02 16:39:36');
INSERT INTO `admin_login_log` VALUES (104,1,'127.0.0.1','2016-07-02 17:07:48');
INSERT INTO `admin_login_log` VALUES (105,1,'127.0.0.1','2016-07-02 17:09:19');
INSERT INTO `admin_login_log` VALUES (106,1,'','2016-07-02 17:50:59');
INSERT INTO `admin_login_log` VALUES (107,1,'127.0.0.1','2016-07-02 19:27:59');
INSERT INTO `admin_login_log` VALUES (108,1,'127.0.0.1','2016-07-02 20:28:07');
INSERT INTO `admin_login_log` VALUES (109,1,'127.0.0.1','2016-07-02 22:17:47');
INSERT INTO `admin_login_log` VALUES (110,1,'180.175.2.7','2016-07-04 12:41:14');
INSERT INTO `admin_login_log` VALUES (111,1,'180.162.241.37','2016-07-04 18:06:28');
INSERT INTO `admin_login_log` VALUES (112,1,'180.175.84.124','2016-07-04 19:38:54');
INSERT INTO `admin_login_log` VALUES (113,1,'127.0.0.1','2016-07-04 19:52:01');
INSERT INTO `admin_login_log` VALUES (114,1,'127.0.0.1','2016-07-04 20:10:22');
INSERT INTO `admin_login_log` VALUES (115,1,'211.161.248.23','2016-07-04 20:38:20');
INSERT INTO `admin_login_log` VALUES (116,1,'211.161.248.23','2016-07-04 21:35:43');
INSERT INTO `admin_login_log` VALUES (117,1,'101.81.248.188','2016-07-05 10:58:39');
INSERT INTO `admin_login_log` VALUES (118,1,'180.175.106.130','2016-07-05 17:55:22');
INSERT INTO `admin_login_log` VALUES (119,1,'180.175.106.130','2016-07-05 17:56:14');
INSERT INTO `admin_login_log` VALUES (120,1,'','2016-07-05 18:03:33');
INSERT INTO `admin_login_log` VALUES (121,1,'180.175.84.124','2016-07-05 19:11:51');
INSERT INTO `admin_login_log` VALUES (122,1,'127.0.0.1','2016-07-05 19:56:01');
INSERT INTO `admin_login_log` VALUES (123,1,'','2016-07-06 10:39:46');
INSERT INTO `admin_login_log` VALUES (124,1,'180.175.153.120','2016-07-06 13:35:15');
INSERT INTO `admin_login_log` VALUES (125,1,'127.0.0.1','2016-07-06 21:29:59');
INSERT INTO `admin_login_log` VALUES (126,1,'180.175.153.120','2016-07-07 10:49:34');
INSERT INTO `admin_login_log` VALUES (127,1,'180.175.153.120','2016-07-07 15:48:20');
INSERT INTO `admin_login_log` VALUES (128,1,'127.0.0.1','2016-07-08 09:19:12');
INSERT INTO `admin_login_log` VALUES (129,1,'127.0.0.1','2016-07-08 09:35:43');
INSERT INTO `admin_login_log` VALUES (130,1,'127.0.0.1','2016-07-08 09:37:07');
INSERT INTO `admin_login_log` VALUES (131,1,'180.175.153.120','2016-07-08 09:45:38');
INSERT INTO `admin_login_log` VALUES (132,1,'180.175.153.120','2016-07-08 09:46:08');
INSERT INTO `admin_login_log` VALUES (133,1,'','2016-07-08 09:53:23');
INSERT INTO `admin_login_log` VALUES (134,1,'127.0.0.1','2016-07-08 10:35:25');
INSERT INTO `admin_login_log` VALUES (135,1,'180.175.153.120','2016-07-08 11:42:05');
INSERT INTO `admin_login_log` VALUES (136,1,'180.175.102.15','2016-07-08 15:22:50');
INSERT INTO `admin_login_log` VALUES (137,1,'180.175.102.15','2016-07-08 15:24:34');
INSERT INTO `admin_login_log` VALUES (138,1,'180.175.84.124','2016-07-09 11:10:40');
INSERT INTO `admin_login_log` VALUES (139,1,'180.175.155.141','2016-07-11 08:54:17');
INSERT INTO `admin_login_log` VALUES (140,1,'','2016-07-11 15:55:45');
INSERT INTO `admin_login_log` VALUES (141,1,'','2016-07-11 22:00:53');
INSERT INTO `admin_login_log` VALUES (142,1,'','2016-07-11 22:33:21');
INSERT INTO `admin_login_log` VALUES (143,1,'','2016-07-13 10:16:38');
INSERT INTO `admin_login_log` VALUES (144,1,'211.161.245.119','2016-07-14 20:20:14');
INSERT INTO `admin_login_log` VALUES (145,1,'180.175.103.174','2016-07-15 13:31:54');
INSERT INTO `admin_login_log` VALUES (146,1,'115.53.117.225','2016-07-15 20:54:11');
INSERT INTO `admin_login_log` VALUES (147,1,'180.175.131.119','2016-07-19 08:51:44');
INSERT INTO `admin_login_log` VALUES (148,1,'180.175.131.119','2016-07-19 14:45:33');
INSERT INTO `admin_login_log` VALUES (149,1,'180.175.131.119','2016-07-19 14:46:10');
INSERT INTO `admin_login_log` VALUES (150,1,'211.161.245.119','2016-07-19 20:13:27');
INSERT INTO `admin_login_log` VALUES (151,1,'180.175.153.120','2016-07-20 11:35:40');
INSERT INTO `admin_login_log` VALUES (152,1,'180.175.153.120','2016-07-20 11:37:27');
INSERT INTO `admin_login_log` VALUES (153,1,'180.175.4.22','2016-07-20 12:18:17');
INSERT INTO `admin_login_log` VALUES (154,1,'180.175.4.22','2016-07-20 15:13:15');
INSERT INTO `admin_login_log` VALUES (155,1,'180.175.4.22','2016-07-20 15:13:19');
INSERT INTO `admin_login_log` VALUES (156,1,'180.175.4.22','2016-07-20 15:13:23');
INSERT INTO `admin_login_log` VALUES (157,1,'180.175.4.22','2016-07-20 15:13:25');
INSERT INTO `admin_login_log` VALUES (158,1,'180.175.4.22','2016-07-20 15:13:57');
INSERT INTO `admin_login_log` VALUES (159,1,'180.175.4.22','2016-07-20 15:13:58');
INSERT INTO `admin_login_log` VALUES (160,1,'180.175.4.22','2016-07-20 15:13:59');
INSERT INTO `admin_login_log` VALUES (161,1,'180.175.4.22','2016-07-20 15:13:59');
INSERT INTO `admin_login_log` VALUES (162,1,'180.175.4.22','2016-07-20 15:14:00');
INSERT INTO `admin_login_log` VALUES (163,1,'180.175.4.22','2016-07-20 15:14:01');
INSERT INTO `admin_login_log` VALUES (164,1,'180.175.4.22','2016-07-20 15:14:02');
INSERT INTO `admin_login_log` VALUES (165,1,'180.175.4.22','2016-07-20 15:14:02');
INSERT INTO `admin_login_log` VALUES (166,1,'180.175.4.22','2016-07-20 15:14:03');
INSERT INTO `admin_login_log` VALUES (167,1,'180.175.4.22','2016-07-20 15:14:03');
INSERT INTO `admin_login_log` VALUES (168,1,'180.175.4.22','2016-07-20 15:14:04');
INSERT INTO `admin_login_log` VALUES (169,1,'180.175.4.22','2016-07-20 15:14:08');
INSERT INTO `admin_login_log` VALUES (170,1,'180.175.4.22','2016-07-20 15:14:09');
INSERT INTO `admin_login_log` VALUES (171,1,'180.175.4.22','2016-07-20 15:14:09');
INSERT INTO `admin_login_log` VALUES (172,1,'180.175.4.22','2016-07-20 15:14:18');
INSERT INTO `admin_login_log` VALUES (173,1,'180.175.4.22','2016-07-20 15:14:19');
INSERT INTO `admin_login_log` VALUES (174,1,'180.175.4.22','2016-07-20 15:14:19');
INSERT INTO `admin_login_log` VALUES (175,1,'180.175.4.22','2016-07-20 15:14:20');
INSERT INTO `admin_login_log` VALUES (176,1,'180.175.4.22','2016-07-20 15:14:38');
INSERT INTO `admin_login_log` VALUES (177,1,'180.175.4.22','2016-07-20 15:24:57');
INSERT INTO `admin_login_log` VALUES (178,1,'180.175.4.22','2016-07-20 15:25:13');
INSERT INTO `admin_login_log` VALUES (179,1,'180.175.4.22','2016-07-20 15:25:24');
INSERT INTO `admin_login_log` VALUES (180,1,'180.175.4.22','2016-07-20 15:27:12');
INSERT INTO `admin_login_log` VALUES (181,1,'180.175.4.22','2016-07-20 15:27:14');
INSERT INTO `admin_login_log` VALUES (182,1,'180.175.4.22','2016-07-20 15:27:15');
INSERT INTO `admin_login_log` VALUES (183,1,'180.175.4.22','2016-07-20 15:29:07');
INSERT INTO `admin_login_log` VALUES (184,1,'180.175.4.22','2016-07-20 15:29:09');
INSERT INTO `admin_login_log` VALUES (185,1,'180.175.4.22','2016-07-20 15:30:28');
INSERT INTO `admin_login_log` VALUES (186,1,'180.175.4.22','2016-07-20 15:33:41');
INSERT INTO `admin_login_log` VALUES (187,1,'180.175.4.22','2016-07-20 15:33:44');
INSERT INTO `admin_login_log` VALUES (188,1,'180.175.4.22','2016-07-20 15:33:45');
INSERT INTO `admin_login_log` VALUES (189,1,'180.175.4.22','2016-07-20 15:33:47');
INSERT INTO `admin_login_log` VALUES (190,1,'180.175.4.22','2016-07-20 16:05:17');
INSERT INTO `admin_login_log` VALUES (191,1,'211.161.245.119','2016-07-20 20:01:18');
INSERT INTO `admin_login_log` VALUES (192,1,'211.161.245.119','2016-07-20 21:16:39');
INSERT INTO `admin_login_log` VALUES (193,1,'221.6.89.114','2016-07-21 08:43:34');
INSERT INTO `admin_login_log` VALUES (194,1,'221.6.89.114','2016-07-21 08:50:11');
INSERT INTO `admin_login_log` VALUES (195,1,'221.6.89.114','2016-07-21 08:51:33');
INSERT INTO `admin_login_log` VALUES (196,1,'180.175.7.29','2016-07-21 08:57:15');
INSERT INTO `admin_login_log` VALUES (197,1,'180.175.7.29','2016-07-21 09:05:30');
INSERT INTO `admin_login_log` VALUES (198,1,'180.175.7.29','2016-07-21 09:13:56');
INSERT INTO `admin_login_log` VALUES (199,1,'221.6.89.114','2016-07-21 09:17:32');
INSERT INTO `admin_login_log` VALUES (200,1,'221.6.89.114','2016-07-21 09:17:32');
INSERT INTO `admin_login_log` VALUES (201,1,'180.175.7.29','2016-07-21 09:18:03');
INSERT INTO `admin_login_log` VALUES (202,1,'180.175.7.29','2016-07-21 09:51:20');
INSERT INTO `admin_login_log` VALUES (203,1,'180.175.7.29','2016-07-21 09:55:53');
INSERT INTO `admin_login_log` VALUES (204,1,'211.161.245.119','2016-07-21 20:21:28');
INSERT INTO `admin_login_log` VALUES (205,1,'211.161.245.119','2016-07-21 20:38:18');
INSERT INTO `admin_login_log` VALUES (206,1,'211.161.245.119','2016-07-21 20:38:57');
INSERT INTO `admin_login_log` VALUES (207,1,'180.175.155.58','2016-07-21 21:30:11');
INSERT INTO `admin_login_log` VALUES (208,1,'180.175.155.58','2016-07-21 21:35:29');
INSERT INTO `admin_login_log` VALUES (209,1,'127.0.0.1','2016-07-21 21:50:13');
INSERT INTO `admin_login_log` VALUES (210,1,'180.175.110.46','2016-07-22 08:58:23');
INSERT INTO `admin_login_log` VALUES (211,1,'180.175.110.46','2016-07-22 09:02:54');
INSERT INTO `admin_login_log` VALUES (212,1,'180.175.153.120','2016-07-22 11:00:36');
INSERT INTO `admin_login_log` VALUES (213,1,'180.175.106.69','2016-07-22 18:43:38');
INSERT INTO `admin_login_log` VALUES (214,1,'180.175.106.69','2016-07-22 22:23:43');
INSERT INTO `admin_login_log` VALUES (215,1,'180.175.106.69','2016-07-22 23:13:03');
INSERT INTO `admin_login_log` VALUES (216,1,'180.175.106.69','2016-07-22 23:17:43');
INSERT INTO `admin_login_log` VALUES (217,1,'211.161.245.119','2016-07-23 09:17:25');
INSERT INTO `admin_login_log` VALUES (218,1,'211.161.245.119','2016-07-23 10:19:04');
INSERT INTO `admin_login_log` VALUES (219,1,'180.175.106.69','2016-07-24 09:55:56');
INSERT INTO `admin_login_log` VALUES (220,1,'180.175.106.69','2016-07-24 13:48:11');
INSERT INTO `admin_login_log` VALUES (221,1,'180.175.1.231','2016-07-24 15:48:47');
INSERT INTO `admin_login_log` VALUES (222,1,'180.175.1.231','2016-07-24 16:08:31');
INSERT INTO `admin_login_log` VALUES (223,1,'180.175.1.231','2016-07-24 17:16:23');
INSERT INTO `admin_login_log` VALUES (224,1,'180.175.1.231','2016-07-24 19:41:17');
INSERT INTO `admin_login_log` VALUES (225,1,'180.175.153.120','2016-07-25 10:02:12');
INSERT INTO `admin_login_log` VALUES (226,1,'180.175.153.120','2016-07-25 12:07:13');
INSERT INTO `admin_login_log` VALUES (227,1,'180.175.153.120','2016-07-25 12:20:21');
INSERT INTO `admin_login_log` VALUES (228,1,'180.175.153.120','2016-07-25 12:34:59');
INSERT INTO `admin_login_log` VALUES (229,1,'180.175.153.120','2016-07-25 12:35:55');
INSERT INTO `admin_login_log` VALUES (230,1,'180.175.153.120','2016-07-25 15:46:25');
INSERT INTO `admin_login_log` VALUES (231,1,'180.175.6.62','2016-07-25 16:01:16');
INSERT INTO `admin_login_log` VALUES (232,1,'180.175.6.62','2016-07-25 16:01:57');
INSERT INTO `admin_login_log` VALUES (233,1,'180.175.153.120','2016-07-25 16:02:24');
INSERT INTO `admin_login_log` VALUES (234,1,'180.175.153.120','2016-07-25 16:06:41');
INSERT INTO `admin_login_log` VALUES (235,1,'180.175.153.120','2016-07-25 16:25:24');
INSERT INTO `admin_login_log` VALUES (236,1,'180.175.153.120','2016-07-25 16:37:01');
INSERT INTO `admin_login_log` VALUES (237,1,'180.175.153.120','2016-07-25 16:56:28');
INSERT INTO `admin_login_log` VALUES (238,1,'183.128.211.6','2016-07-25 18:00:35');
INSERT INTO `admin_login_log` VALUES (239,1,'180.175.153.120','2016-07-25 18:03:40');
INSERT INTO `admin_login_log` VALUES (240,1,'180.175.153.120','2016-07-26 09:07:33');
INSERT INTO `admin_login_log` VALUES (241,1,'180.175.153.120','2016-07-26 09:14:39');
INSERT INTO `admin_login_log` VALUES (242,1,'180.175.153.120','2016-07-26 09:22:07');
INSERT INTO `admin_login_log` VALUES (243,1,'180.175.153.120','2016-07-26 09:54:49');
INSERT INTO `admin_login_log` VALUES (244,1,'180.175.153.120','2016-07-26 09:57:00');
INSERT INTO `admin_login_log` VALUES (245,1,'180.175.153.120','2016-07-26 10:06:51');
INSERT INTO `admin_login_log` VALUES (246,1,'180.175.153.120','2016-07-26 10:15:50');
INSERT INTO `admin_login_log` VALUES (247,1,'60.186.138.44','2016-07-26 10:33:19');
INSERT INTO `admin_login_log` VALUES (248,1,'180.175.153.120','2016-07-26 10:33:56');
INSERT INTO `admin_login_log` VALUES (249,1,'180.175.153.120','2016-07-26 10:35:45');
INSERT INTO `admin_login_log` VALUES (250,1,'180.175.153.120','2016-07-26 11:13:03');
INSERT INTO `admin_login_log` VALUES (251,1,'180.175.153.120','2016-07-26 11:20:32');
INSERT INTO `admin_login_log` VALUES (252,1,'180.175.153.120','2016-07-26 13:56:47');
INSERT INTO `admin_login_log` VALUES (253,1,'180.175.153.120','2016-07-26 14:13:34');
INSERT INTO `admin_login_log` VALUES (254,1,'180.175.153.120','2016-07-26 14:38:09');
INSERT INTO `admin_login_log` VALUES (255,1,'180.175.153.120','2016-07-26 14:51:50');
INSERT INTO `admin_login_log` VALUES (256,1,'180.175.153.120','2016-07-26 14:55:15');
INSERT INTO `admin_login_log` VALUES (257,1,'180.175.153.120','2016-07-26 15:08:56');
INSERT INTO `admin_login_log` VALUES (258,1,'180.175.153.120','2016-07-26 15:14:51');
INSERT INTO `admin_login_log` VALUES (259,1,'180.175.153.120','2016-07-26 15:27:32');
INSERT INTO `admin_login_log` VALUES (260,1,'180.175.153.120','2016-07-26 15:34:14');
INSERT INTO `admin_login_log` VALUES (261,1,'180.175.153.120','2016-07-26 16:09:00');
INSERT INTO `admin_login_log` VALUES (262,1,'180.175.153.120','2016-07-26 16:38:10');
INSERT INTO `admin_login_log` VALUES (263,1,'180.175.153.120','2016-07-26 16:59:56');
INSERT INTO `admin_login_log` VALUES (264,1,'180.175.153.120','2016-07-26 17:11:37');
INSERT INTO `admin_login_log` VALUES (265,1,'180.175.1.231','2016-07-26 19:41:28');
INSERT INTO `admin_login_log` VALUES (266,1,'127.0.0.1','2016-07-26 20:06:14');
INSERT INTO `admin_login_log` VALUES (267,1,'211.161.245.119','2016-07-26 20:09:35');
INSERT INTO `admin_login_log` VALUES (268,1,'61.164.212.226','2016-07-26 20:25:02');
INSERT INTO `admin_login_log` VALUES (269,1,'211.161.245.119','2016-07-26 20:38:00');
INSERT INTO `admin_login_log` VALUES (270,1,'61.164.212.226','2016-07-26 20:45:37');
INSERT INTO `admin_login_log` VALUES (271,1,'61.164.212.226','2016-07-26 21:21:06');
INSERT INTO `admin_login_log` VALUES (272,1,'61.164.212.226','2016-07-26 21:23:07');
INSERT INTO `admin_login_log` VALUES (273,1,'180.175.1.231','2016-07-26 22:01:26');
INSERT INTO `admin_login_log` VALUES (274,1,'180.175.1.231','2016-07-27 00:04:09');
INSERT INTO `admin_login_log` VALUES (275,1,'180.175.153.120','2016-07-27 10:21:48');
INSERT INTO `admin_login_log` VALUES (276,1,'221.6.89.114','2016-07-27 10:44:43');
INSERT INTO `admin_login_log` VALUES (277,1,'180.175.153.120','2016-07-27 11:30:58');
INSERT INTO `admin_login_log` VALUES (278,1,'180.175.102.184','2016-07-27 11:39:19');
INSERT INTO `admin_login_log` VALUES (279,1,'60.186.180.186','2016-07-27 11:40:18');
INSERT INTO `admin_login_log` VALUES (280,1,'180.175.153.120','2016-07-27 13:04:10');
INSERT INTO `admin_login_log` VALUES (281,1,'221.6.89.114','2016-07-27 13:12:29');
INSERT INTO `admin_login_log` VALUES (282,1,'180.175.102.184','2016-07-27 13:22:33');
INSERT INTO `admin_login_log` VALUES (283,1,'61.164.212.226','2016-07-27 20:34:28');
INSERT INTO `admin_login_log` VALUES (284,1,'180.175.1.231','2016-07-27 21:28:43');
INSERT INTO `admin_login_log` VALUES (285,1,'180.175.1.231','2016-07-27 21:49:37');
INSERT INTO `admin_login_log` VALUES (286,1,'127.0.0.1','2016-07-27 21:52:52');
INSERT INTO `admin_login_log` VALUES (287,1,'180.175.1.231','2016-07-27 22:09:42');
INSERT INTO `admin_login_log` VALUES (288,1,'180.175.1.231','2016-07-27 22:17:27');
INSERT INTO `admin_login_log` VALUES (289,1,'60.186.180.186','2016-07-28 00:39:37');
INSERT INTO `admin_login_log` VALUES (290,1,'180.175.153.120','2016-07-28 09:33:11');
INSERT INTO `admin_login_log` VALUES (291,1,'180.175.153.120','2016-07-28 10:49:02');
INSERT INTO `admin_login_log` VALUES (292,1,'180.175.153.120','2016-07-28 12:38:25');
INSERT INTO `admin_login_log` VALUES (293,1,'183.128.54.180','2016-07-28 12:55:56');
INSERT INTO `admin_login_log` VALUES (294,1,'180.175.153.120','2016-07-28 13:02:20');
INSERT INTO `admin_login_log` VALUES (295,1,'180.175.153.120','2016-07-28 15:18:41');
INSERT INTO `admin_login_log` VALUES (296,3,'180.175.153.120','2016-07-28 15:36:21');
INSERT INTO `admin_login_log` VALUES (297,3,'180.175.153.120','2016-07-28 15:36:39');
INSERT INTO `admin_login_log` VALUES (298,1,'180.175.153.120','2016-07-28 15:37:32');
INSERT INTO `admin_login_log` VALUES (299,1,'180.175.153.120','2016-07-28 15:38:32');
INSERT INTO `admin_login_log` VALUES (300,1,'180.175.131.225','2016-07-28 22:36:25');
INSERT INTO `admin_login_log` VALUES (301,1,'180.175.153.120','2016-07-29 08:47:46');
INSERT INTO `admin_login_log` VALUES (302,1,'180.175.153.120','2016-07-29 08:52:52');
INSERT INTO `admin_login_log` VALUES (303,1,'180.175.153.120','2016-07-29 09:11:45');
INSERT INTO `admin_login_log` VALUES (304,1,'180.175.153.120','2016-07-29 10:52:28');
INSERT INTO `admin_login_log` VALUES (305,1,'180.175.153.120','2016-07-29 13:32:04');
INSERT INTO `admin_login_log` VALUES (306,1,'180.175.153.120','2016-07-29 13:35:43');
INSERT INTO `admin_login_log` VALUES (307,1,'180.175.153.120','2016-07-29 14:17:07');
INSERT INTO `admin_login_log` VALUES (308,1,'180.175.153.120','2016-07-29 14:45:47');
INSERT INTO `admin_login_log` VALUES (309,4,'180.175.153.120','2016-07-29 15:11:54');
INSERT INTO `admin_login_log` VALUES (310,4,'180.175.153.120','2016-07-29 15:13:44');
INSERT INTO `admin_login_log` VALUES (311,4,'180.175.153.120','2016-07-29 15:14:17');
INSERT INTO `admin_login_log` VALUES (312,4,'180.175.153.120','2016-07-29 15:14:26');
INSERT INTO `admin_login_log` VALUES (313,1,'180.175.153.120','2016-07-29 16:17:42');
INSERT INTO `admin_login_log` VALUES (314,1,'180.175.7.106','2016-07-29 17:05:01');
INSERT INTO `admin_login_log` VALUES (315,1,'211.161.245.119','2016-07-30 17:52:52');
INSERT INTO `admin_login_log` VALUES (316,1,'211.161.245.119','2016-07-30 17:58:09');
INSERT INTO `admin_login_log` VALUES (317,1,'211.161.245.119','2016-07-30 17:59:09');
INSERT INTO `admin_login_log` VALUES (318,1,'127.0.0.1','2016-07-30 18:02:09');
INSERT INTO `admin_login_log` VALUES (319,1,'127.0.0.1','2016-07-30 18:03:56');
INSERT INTO `admin_login_log` VALUES (320,1,'180.175.153.120','2016-08-01 09:30:34');
INSERT INTO `admin_login_log` VALUES (321,1,'180.175.153.120','2016-08-01 09:35:14');
INSERT INTO `admin_login_log` VALUES (322,1,'180.175.153.120','2016-08-01 17:44:38');
INSERT INTO `admin_login_log` VALUES (323,1,'180.175.131.225','2016-08-01 21:45:41');
INSERT INTO `admin_login_log` VALUES (324,1,'180.175.131.225','2016-08-01 22:01:18');
INSERT INTO `admin_login_log` VALUES (325,1,'61.164.212.228','2016-08-01 22:13:49');
INSERT INTO `admin_login_log` VALUES (326,1,'61.164.212.228','2016-08-01 23:06:50');
INSERT INTO `admin_login_log` VALUES (327,1,'180.175.153.120','2016-08-02 09:14:56');
INSERT INTO `admin_login_log` VALUES (328,1,'180.175.153.120','2016-08-02 12:43:21');
INSERT INTO `admin_login_log` VALUES (329,1,'180.175.153.120','2016-08-02 12:44:11');
INSERT INTO `admin_login_log` VALUES (330,1,'180.175.153.120','2016-08-02 13:25:03');
INSERT INTO `admin_login_log` VALUES (331,1,'180.175.153.120','2016-08-02 16:18:41');
INSERT INTO `admin_login_log` VALUES (332,1,'180.175.153.120','2016-08-03 09:01:52');
INSERT INTO `admin_login_log` VALUES (333,1,'221.6.89.114','2016-08-03 11:03:13');
INSERT INTO `admin_login_log` VALUES (334,1,'180.175.153.120','2016-08-03 14:55:08');
INSERT INTO `admin_login_log` VALUES (335,1,'180.175.153.120','2016-08-03 15:11:39');
INSERT INTO `admin_login_log` VALUES (336,1,'180.175.153.120','2016-08-03 15:24:08');
INSERT INTO `admin_login_log` VALUES (337,1,'180.175.153.120','2016-08-03 15:58:15');
INSERT INTO `admin_login_log` VALUES (338,1,'180.175.153.120','2016-08-03 16:38:15');
INSERT INTO `admin_login_log` VALUES (339,1,'180.175.100.88','2016-08-03 16:43:39');
INSERT INTO `admin_login_log` VALUES (340,7,'180.175.153.120','2016-08-03 17:18:52');
INSERT INTO `admin_login_log` VALUES (341,1,'180.175.153.120','2016-08-03 17:19:19');
INSERT INTO `admin_login_log` VALUES (342,1,'180.175.153.120','2016-08-03 17:19:25');
INSERT INTO `admin_login_log` VALUES (343,1,'180.175.153.120','2016-08-03 17:19:38');
INSERT INTO `admin_login_log` VALUES (344,7,'180.175.153.120','2016-08-03 17:21:37');
INSERT INTO `admin_login_log` VALUES (345,5,'180.175.153.120','2016-08-03 17:21:39');
INSERT INTO `admin_login_log` VALUES (346,7,'180.175.153.120','2016-08-03 17:21:56');
INSERT INTO `admin_login_log` VALUES (347,5,'180.175.153.120','2016-08-03 17:23:29');
INSERT INTO `admin_login_log` VALUES (348,5,'180.175.153.120','2016-08-03 17:23:44');
INSERT INTO `admin_login_log` VALUES (349,5,'180.175.153.120','2016-08-03 17:24:40');
INSERT INTO `admin_login_log` VALUES (350,7,'180.175.153.120','2016-08-03 17:24:48');
INSERT INTO `admin_login_log` VALUES (351,7,'180.175.153.120','2016-08-03 17:25:59');
INSERT INTO `admin_login_log` VALUES (352,7,'180.175.153.120','2016-08-03 17:26:12');
INSERT INTO `admin_login_log` VALUES (353,5,'180.175.153.120','2016-08-03 17:26:43');
INSERT INTO `admin_login_log` VALUES (354,6,'180.175.153.120','2016-08-03 17:27:03');
INSERT INTO `admin_login_log` VALUES (355,5,'180.175.153.120','2016-08-03 17:27:10');
INSERT INTO `admin_login_log` VALUES (356,1,'180.175.153.120','2016-08-03 17:27:39');
INSERT INTO `admin_login_log` VALUES (357,6,'180.175.153.120','2016-08-03 17:28:56');
INSERT INTO `admin_login_log` VALUES (358,1,'180.175.153.120','2016-08-03 17:29:14');
INSERT INTO `admin_login_log` VALUES (359,6,'180.175.153.120','2016-08-03 17:30:39');
INSERT INTO `admin_login_log` VALUES (360,7,'180.175.153.120','2016-08-03 17:30:57');
INSERT INTO `admin_login_log` VALUES (361,1,'180.175.153.120','2016-08-03 17:31:01');
INSERT INTO `admin_login_log` VALUES (362,7,'180.175.153.120','2016-08-03 17:31:17');
INSERT INTO `admin_login_log` VALUES (363,6,'180.175.153.120','2016-08-03 17:32:44');
INSERT INTO `admin_login_log` VALUES (364,1,'180.175.153.120','2016-08-03 17:33:04');
INSERT INTO `admin_login_log` VALUES (365,6,'180.175.153.120','2016-08-03 17:34:26');
INSERT INTO `admin_login_log` VALUES (366,1,'180.175.153.120','2016-08-03 17:35:18');
INSERT INTO `admin_login_log` VALUES (367,8,'180.175.153.120','2016-08-03 17:37:49');
INSERT INTO `admin_login_log` VALUES (368,7,'180.175.153.120','2016-08-03 17:38:41');
INSERT INTO `admin_login_log` VALUES (369,6,'180.175.153.120','2016-08-03 17:47:18');
INSERT INTO `admin_login_log` VALUES (370,1,'180.175.153.120','2016-08-03 17:48:01');
INSERT INTO `admin_login_log` VALUES (371,7,'180.175.153.120','2016-08-03 17:54:39');
INSERT INTO `admin_login_log` VALUES (372,7,'180.175.153.120','2016-08-03 17:54:52');
INSERT INTO `admin_login_log` VALUES (373,1,'180.175.153.120','2016-08-03 17:58:15');
INSERT INTO `admin_login_log` VALUES (374,6,'180.175.153.120','2016-08-03 18:00:57');
INSERT INTO `admin_login_log` VALUES (375,5,'180.175.153.120','2016-08-03 18:01:27');
INSERT INTO `admin_login_log` VALUES (376,5,'180.175.153.120','2016-08-03 18:01:41');
INSERT INTO `admin_login_log` VALUES (377,8,'180.175.153.120','2016-08-03 18:04:31');
INSERT INTO `admin_login_log` VALUES (378,1,'180.175.153.120','2016-08-03 18:08:10');
INSERT INTO `admin_login_log` VALUES (379,1,'180.175.131.225','2016-08-03 20:16:05');
INSERT INTO `admin_login_log` VALUES (380,3,'180.175.131.225','2016-08-03 21:04:43');
INSERT INTO `admin_login_log` VALUES (381,3,'180.175.131.225','2016-08-03 21:12:05');
INSERT INTO `admin_login_log` VALUES (382,3,'180.175.131.225','2016-08-03 21:21:13');
INSERT INTO `admin_login_log` VALUES (383,3,'180.175.131.225','2016-08-03 21:23:30');
INSERT INTO `admin_login_log` VALUES (384,3,'180.175.131.225','2016-08-03 21:24:53');
INSERT INTO `admin_login_log` VALUES (385,3,'180.175.131.225','2016-08-03 21:25:37');
INSERT INTO `admin_login_log` VALUES (386,3,'180.175.131.225','2016-08-03 21:26:51');
INSERT INTO `admin_login_log` VALUES (387,3,'180.175.131.225','2016-08-03 21:28:59');
INSERT INTO `admin_login_log` VALUES (388,3,'180.175.131.225','2016-08-03 21:29:38');
INSERT INTO `admin_login_log` VALUES (389,3,'180.175.131.225','2016-08-03 21:29:53');
INSERT INTO `admin_login_log` VALUES (390,3,'180.175.131.225','2016-08-03 21:30:17');
INSERT INTO `admin_login_log` VALUES (391,3,'180.175.131.225','2016-08-03 21:33:38');
INSERT INTO `admin_login_log` VALUES (392,3,'180.175.131.225','2016-08-03 21:34:59');
INSERT INTO `admin_login_log` VALUES (393,3,'180.175.131.225','2016-08-03 21:37:31');
INSERT INTO `admin_login_log` VALUES (394,3,'127.0.0.1','2016-08-03 21:42:26');
INSERT INTO `admin_login_log` VALUES (395,3,'127.0.0.1','2016-08-03 21:46:56');
INSERT INTO `admin_login_log` VALUES (396,1,'127.0.0.1','2016-08-03 21:57:07');
INSERT INTO `admin_login_log` VALUES (397,3,'127.0.0.1','2016-08-03 21:59:59');
INSERT INTO `admin_login_log` VALUES (398,1,'180.175.131.225','2016-08-03 22:07:00');
INSERT INTO `admin_login_log` VALUES (399,1,'61.164.212.228','2016-08-03 22:11:14');
INSERT INTO `admin_login_log` VALUES (400,3,'180.175.131.225','2016-08-03 22:12:14');
INSERT INTO `admin_login_log` VALUES (401,5,'61.164.212.228','2016-08-03 22:12:56');
INSERT INTO `admin_login_log` VALUES (402,1,'180.175.131.225','2016-08-03 22:13:19');
INSERT INTO `admin_login_log` VALUES (403,3,'180.175.131.225','2016-08-03 22:16:07');
INSERT INTO `admin_login_log` VALUES (404,5,'180.175.153.120','2016-08-04 08:47:52');
INSERT INTO `admin_login_log` VALUES (405,5,'180.175.153.120','2016-08-04 10:04:53');
INSERT INTO `admin_login_log` VALUES (406,5,'180.175.153.120','2016-08-04 10:05:46');
INSERT INTO `admin_login_log` VALUES (407,1,'180.175.153.120','2016-08-04 12:27:29');
INSERT INTO `admin_login_log` VALUES (408,1,'180.175.153.120','2016-08-04 12:28:03');
INSERT INTO `admin_login_log` VALUES (409,1,'180.175.153.120','2016-08-04 12:28:43');
INSERT INTO `admin_login_log` VALUES (410,1,'180.175.153.120','2016-08-04 12:31:23');
INSERT INTO `admin_login_log` VALUES (411,5,'180.175.153.120','2016-08-04 12:34:00');
INSERT INTO `admin_login_log` VALUES (412,1,'180.175.153.120','2016-08-04 13:34:14');
INSERT INTO `admin_login_log` VALUES (413,1,'180.175.153.120','2016-08-05 11:15:07');
INSERT INTO `admin_login_log` VALUES (414,1,'180.175.153.120','2016-08-05 11:23:38');
INSERT INTO `admin_login_log` VALUES (415,1,'180.175.153.120','2016-08-05 14:16:55');
INSERT INTO `admin_login_log` VALUES (416,3,'127.0.0.1','2016-08-05 23:56:52');
INSERT INTO `admin_login_log` VALUES (417,1,'180.175.153.120','2016-08-06 15:30:33');
INSERT INTO `admin_login_log` VALUES (418,1,'211.161.248.242','2016-08-06 21:56:39');
INSERT INTO `admin_login_log` VALUES (419,3,'180.175.131.225','2016-08-07 10:27:59');
INSERT INTO `admin_login_log` VALUES (420,3,'127.0.0.1','2016-08-07 11:31:02');
INSERT INTO `admin_login_log` VALUES (421,1,'127.0.0.1','2016-08-07 11:54:49');
INSERT INTO `admin_login_log` VALUES (422,1,'61.164.212.228','2016-08-07 17:14:05');
INSERT INTO `admin_login_log` VALUES (423,1,'180.175.153.120','2016-08-08 09:09:39');
INSERT INTO `admin_login_log` VALUES (424,1,'180.175.153.120','2016-08-08 09:48:50');
INSERT INTO `admin_login_log` VALUES (425,1,'180.175.153.120','2016-08-09 08:47:27');
INSERT INTO `admin_login_log` VALUES (426,9,'180.175.153.120','2016-08-09 09:37:42');
INSERT INTO `admin_login_log` VALUES (427,9,'180.175.153.120','2016-08-09 13:09:47');
INSERT INTO `admin_login_log` VALUES (428,1,'180.175.153.120','2016-08-09 13:10:00');
INSERT INTO `admin_login_log` VALUES (429,1,'180.175.153.120','2016-08-09 13:27:26');
INSERT INTO `admin_login_log` VALUES (430,1,'180.175.153.120','2016-08-09 13:27:45');
INSERT INTO `admin_login_log` VALUES (431,1,'180.175.153.120','2016-08-09 13:28:44');
INSERT INTO `admin_login_log` VALUES (432,1,'180.175.153.120','2016-08-09 13:55:51');
INSERT INTO `admin_login_log` VALUES (433,1,'180.175.153.120','2016-08-09 14:00:44');
INSERT INTO `admin_login_log` VALUES (434,1,'180.175.153.120','2016-08-09 14:25:45');
INSERT INTO `admin_login_log` VALUES (435,9,'180.175.153.120','2016-08-09 14:26:16');
/*!40000 ALTER TABLE `admin_login_log` ENABLE KEYS */;
UNLOCK TABLES;

#
# Source for table auth_group
#

DROP TABLE IF EXISTS `auth_group`;
CREATE TABLE `auth_group` (
  `id` mediumint(8) unsigned NOT NULL AUTO_INCREMENT,
  `title` char(100) NOT NULL DEFAULT '',
  `status` tinyint(1) NOT NULL DEFAULT '1',
  `rules` varchar(255) NOT NULL DEFAULT '',
  PRIMARY KEY (`id`)
) ENGINE=InnoDB AUTO_INCREMENT=6 DEFAULT CHARSET=utf8 COMMENT='用户组表';

#
# Dumping data for table auth_group
#

LOCK TABLES `auth_group` WRITE;
/*!40000 ALTER TABLE `auth_group` DISABLE KEYS */;
INSERT INTO `auth_group` VALUES (1,'超级管理员',1,'1,2,3,4,5,6,7,8,9,10,11,12,13,14,15,20,24,28,16,18,19,21,25,26,29,30,31,32,17,27,33,34,22,23');
INSERT INTO `auth_group` VALUES (5,'管理员',1,'1,2,3,4,5,6,7,8,9,10,11,12,13,14,20,24,28');
/*!40000 ALTER TABLE `auth_group` ENABLE KEYS */;
UNLOCK TABLES;

#
# Source for table auth_group_access
#

DROP TABLE IF EXISTS `auth_group_access`;
CREATE TABLE `auth_group_access` (
  `admin_id` mediumint(8) unsigned NOT NULL COMMENT '用户id',
  `group_id` mediumint(8) unsigned NOT NULL COMMENT '用户组id',
  UNIQUE KEY `uid_group_id` (`admin_id`,`group_id`),
  KEY `uid` (`admin_id`),
  KEY `group_id` (`group_id`)
) ENGINE=InnoDB DEFAULT CHARSET=utf8 COMMENT='用户组明细表';

#
# Dumping data for table auth_group_access
#

LOCK TABLES `auth_group_access` WRITE;
/*!40000 ALTER TABLE `auth_group_access` DISABLE KEYS */;
INSERT INTO `auth_group_access` VALUES (1,1);
INSERT INTO `auth_group_access` VALUES (3,1);
INSERT INTO `auth_group_access` VALUES (4,3);
INSERT INTO `auth_group_access` VALUES (5,1);
INSERT INTO `auth_group_access` VALUES (6,3);
INSERT INTO `auth_group_access` VALUES (7,1);
INSERT INTO `auth_group_access` VALUES (8,3);
INSERT INTO `auth_group_access` VALUES (9,5);
/*!40000 ALTER TABLE `auth_group_access` ENABLE KEYS */;
UNLOCK TABLES;

#
# Source for table auth_rule
#

DROP TABLE IF EXISTS `auth_rule`;
CREATE TABLE `auth_rule` (
  `id` mediumint(8) unsigned NOT NULL AUTO_INCREMENT,
  `controller_name` char(80) NOT NULL DEFAULT '' COMMENT '控制器名称',
  `action_name` char(80) NOT NULL DEFAULT '' COMMENT '方法名称',
  `title` char(20) NOT NULL DEFAULT '' COMMENT '规则中文名称',
  `group_id` tinyint(4) NOT NULL COMMENT '权限组ID',
  `is_menu` int(11) DEFAULT NULL COMMENT '菜单标志位',
  PRIMARY KEY (`id`),
  UNIQUE KEY `name` (`controller_name`,`action_name`)
) ENGINE=InnoDB AUTO_INCREMENT=35 DEFAULT CHARSET=utf8 COMMENT='规则表';

#
# Dumping data for table auth_rule
#

LOCK TABLES `auth_rule` WRITE;
/*!40000 ALTER TABLE `auth_rule` DISABLE KEYS */;
INSERT INTO `auth_rule` VALUES (1,'admin','adminlist','用户管理',1,1);
INSERT INTO `auth_rule` VALUES (2,'admin','adminadd','用户添加',1,0);
INSERT INTO `auth_rule` VALUES (3,'admin','adminedit','用户编辑',1,0);
INSERT INTO `auth_rule` VALUES (4,'admin','admintogglestatus','用户禁用/启用',1,0);
INSERT INTO `auth_rule` VALUES (5,'admin','changepassword','用户密码重置',1,0);
INSERT INTO `auth_rule` VALUES (6,'admin','ruleList','权限管理',1,1);
INSERT INTO `auth_rule` VALUES (7,'admin','ruleAdd','权限添加',1,NULL);
INSERT INTO `auth_rule` VALUES (8,'admin','ruleEdit','权限编辑',1,NULL);
INSERT INTO `auth_rule` VALUES (9,'admin','RoleList','角色管理',1,1);
INSERT INTO `auth_rule` VALUES (10,'admin','roleAdd','角色添加',1,NULL);
INSERT INTO `auth_rule` VALUES (11,'admin','roleEdit','角色编辑',1,NULL);
INSERT INTO `auth_rule` VALUES (12,'admin','roleDel','角色删除',1,NULL);
INSERT INTO `auth_rule` VALUES (13,'sap','saplist','SAP接口配置',2,1);
INSERT INTO `auth_rule` VALUES (14,'trace','getList','追溯查询',2,1);
INSERT INTO `auth_rule` VALUES (15,'dict','getlist','数据接口',2,1);
INSERT INTO `auth_rule` VALUES (16,'package','getList','小包装数据列表',5,1);
INSERT INTO `auth_rule` VALUES (17,'Tag','tagList','标签管理',3,1);
INSERT INTO `auth_rule` VALUES (18,'package','add','小包装数据采集',5,1);
INSERT INTO `auth_rule` VALUES (19,'customer','getlist','客户管理',5,1);
INSERT INTO `auth_rule` VALUES (20,'basic','depotlist','公司管理',2,1);
INSERT INTO `auth_rule` VALUES (21,'shipment','add','发货作业',5,1);
INSERT INTO `auth_rule` VALUES (22,'product','productlist','商品管理',4,1);
INSERT INTO `auth_rule` VALUES (23,'product','attributelist','属性管理',4,1);
INSERT INTO `auth_rule` VALUES (24,'ad','getlist','广告管理',2,1);
INSERT INTO `auth_rule` VALUES (25,'shipment','getlist','发货查询',5,1);
INSERT INTO `auth_rule` VALUES (26,'print','getlist','打印历史',5,1);
INSERT INTO `auth_rule` VALUES (27,'batch','index','标签打印',3,1);
INSERT INTO `auth_rule` VALUES (28,'xtgl','index','数据同步',2,1);
INSERT INTO `auth_rule` VALUES (29,'shipment','ajaxinactbatch','异步获取批次信息',5,0);
INSERT INTO `auth_rule` VALUES (30,'package','ajaxinactbatch','小包装-异步获取活动批次',5,0);
INSERT INTO `auth_rule` VALUES (31,'shipment','ajaxsetcurrentpatch','发货-异步设置当前批次',5,0);
INSERT INTO `auth_rule` VALUES (32,'package','ajaxsetcurrentpatch','小包装-异步设置当前批次',5,0);
INSERT INTO `auth_rule` VALUES (33,'batch','printb','编织袋批次-打印',3,0);
INSERT INTO `auth_rule` VALUES (34,'tag','tagedit','标签管理-编辑标签',3,0);
/*!40000 ALTER TABLE `auth_rule` ENABLE KEYS */;
UNLOCK TABLES;

#
# Source for table customer
#

DROP TABLE IF EXISTS `customer`;
CREATE TABLE `customer` (
  `id` int(11) NOT NULL AUTO_INCREMENT COMMENT '主自增id',
  `name` varchar(255) DEFAULT NULL COMMENT '客户姓名',
  `mobile` varchar(255) DEFAULT NULL COMMENT '客户手机',
  `company` varchar(255) DEFAULT NULL COMMENT '客户公司',
  `address` varchar(255) DEFAULT NULL COMMENT '客户地址',
  `createdatetime` datetime DEFAULT NULL,
  `modifydatetime` datetime DEFAULT NULL,
  `createuser` varchar(36) DEFAULT NULL,
  `modifyuser` varchar(36) DEFAULT NULL,
  PRIMARY KEY (`id`)
) ENGINE=InnoDB AUTO_INCREMENT=3 DEFAULT CHARSET=utf8 COMMENT='客户表';

#
# Dumping data for table customer
#

LOCK TABLES `customer` WRITE;
/*!40000 ALTER TABLE `customer` DISABLE KEYS */;
INSERT INTO `customer` VALUES (1,'王二小','13200000000','公司王二小的子公司','xx弄xx号','2016-06-03 22:39:01','2016-06-03 22:44:04','1','1');
INSERT INTO `customer` VALUES (2,'张三','13222222222','立领','金沙社区','2016-06-03 22:39:57','2016-06-03 22:43:51','1','1');
/*!40000 ALTER TABLE `customer` ENABLE KEYS */;
UNLOCK TABLES;

#
# Source for table depot
#

DROP TABLE IF EXISTS `depot`;
CREATE TABLE `depot` (
  `id` int(10) unsigned NOT NULL AUTO_INCREMENT COMMENT '自增ID',
  `depot_name` varchar(64) NOT NULL COMMENT '仓库名称',
  `depot_code` varchar(16) NOT NULL COMMENT '仓库简码',
  `depot_address` varchar(255) DEFAULT NULL COMMENT '仓库地址',
  `batch_num` int(11) NOT NULL DEFAULT '0' COMMENT '批次号当前值',
  `bill_num` int(11) DEFAULT '0' COMMENT '流水号当前值',
  `status` tinyint(4) NOT NULL DEFAULT '1' COMMENT '状态',
  `create_time` datetime NOT NULL COMMENT '添加时间',
  `admin_id` int(11) NOT NULL COMMENT '管理员ID',
  `ip` varchar(20) DEFAULT NULL COMMENT '公司数据同步的ip',
  PRIMARY KEY (`id`)
) ENGINE=InnoDB AUTO_INCREMENT=11 DEFAULT CHARSET=utf8 COMMENT='公司表';

#
# Dumping data for table depot
#

LOCK TABLES `depot` WRITE;
/*!40000 ALTER TABLE `depot` DISABLE KEYS */;
INSERT INTO `depot` VALUES (1,'江西仓库','SH01','江西',39,150764,1,'2016-08-04 14:20:40',1,'');
INSERT INTO `depot` VALUES (10,'安佑总公司','ANYOU01','江苏太仓',0,0,1,'2016-08-09 09:35:05',1,'');
/*!40000 ALTER TABLE `depot` ENABLE KEYS */;
UNLOCK TABLES;

#
# Source for table package_batch
#

DROP TABLE IF EXISTS `package_batch`;
CREATE TABLE `package_batch` (
  `id` int(11) NOT NULL AUTO_INCREMENT COMMENT '主键',
  `batch_num` varchar(64) NOT NULL COMMENT '批次号',
  `product_num` varchar(255) NOT NULL COMMENT '商品编号',
  `product_name` varchar(255) DEFAULT NULL COMMENT '产品名称',
  `number` int(11) NOT NULL DEFAULT '0' COMMENT '箱数',
  `specification` varchar(50) NOT NULL DEFAULT '' COMMENT '装箱规格(每箱装多少)',
  `has_packed` int(11) DEFAULT '0' COMMENT '已包装数',
  `status` char(50) DEFAULT '进行中' COMMENT '批次状态(进行中|处理|完成)',
  `current_batch` int(11) NOT NULL DEFAULT '0' COMMENT '是否当前批次 1|0 是|否',
  `createdatetime` datetime DEFAULT NULL COMMENT '创建时间',
  `modifydatetime` datetime DEFAULT NULL COMMENT '修改时间',
  `createuser` varchar(36) DEFAULT NULL COMMENT '创建用户',
  `modifyuser` varchar(36) DEFAULT NULL COMMENT '修改用户',
  PRIMARY KEY (`id`)
) ENGINE=InnoDB AUTO_INCREMENT=7 DEFAULT CHARSET=utf8 COMMENT='包装批次';

#
# Dumping data for table package_batch
#

LOCK TABLES `package_batch` WRITE;
/*!40000 ALTER TABLE `package_batch` DISABLE KEYS */;
INSERT INTO `package_batch` VALUES (1,'SH01000000001','ANSA000003','测试商品',2,'3',4,'进行中',0,'2016-07-21 22:30:31',NULL,'1',NULL);
INSERT INTO `package_batch` VALUES (2,'SH01000000002','ANSA000004','测试商品一',1,'2',0,'进行中',0,'2016-07-25 10:09:10',NULL,'1',NULL);
INSERT INTO `package_batch` VALUES (3,'SH01000000003','ANSA000002','ANSA000002',5,'1',4,'进行中',0,'2016-07-25 18:20:11',NULL,'1',NULL);
INSERT INTO `package_batch` VALUES (4,'SH01000000004','ANSA000005','乳猪饲料',2,'2',4,'完成',1,'2016-07-26 20:42:38',NULL,'1',NULL);
INSERT INTO `package_batch` VALUES (5,'SH01000000005','ANSA000003','测试商品',2,'6',0,'进行中',0,'2016-07-26 21:05:08',NULL,'1',NULL);
INSERT INTO `package_batch` VALUES (6,'SH01000000006','ANSA000005','乳猪饲料',2,'2',2,'处理',1,'2016-07-26 21:29:55',NULL,'1',NULL);
/*!40000 ALTER TABLE `package_batch` ENABLE KEYS */;
UNLOCK TABLES;

#
# Source for table package_batch_detail
#

DROP TABLE IF EXISTS `package_batch_detail`;
CREATE TABLE `package_batch_detail` (
  `id` int(11) NOT NULL AUTO_INCREMENT,
  `batch_id` int(11) NOT NULL DEFAULT '0' COMMENT '主批次ID',
  `batch_num` varchar(50) NOT NULL DEFAULT '' COMMENT '批次号',
  `package_code` varchar(50) DEFAULT NULL COMMENT '箱号',
  `product_num` varchar(100) NOT NULL DEFAULT '0' COMMENT '产品编号',
  `product_name` varchar(255) DEFAULT NULL COMMENT '产品名称',
  `shape_code` varchar(255) NOT NULL DEFAULT '''''' COMMENT '商品唯一条形码',
  `status` varchar(50) NOT NULL DEFAULT '完成' COMMENT '状态 ：完成',
  `createdatetime` datetime DEFAULT NULL COMMENT '创建时间',
  `modifydatetime` datetime DEFAULT NULL COMMENT '修改时间',
  `createuser` varchar(36) DEFAULT NULL COMMENT '创建用户',
  `modifyuser` varchar(36) DEFAULT NULL COMMENT '修改用户',
  PRIMARY KEY (`id`)
) ENGINE=InnoDB AUTO_INCREMENT=15 DEFAULT CHARSET=utf8 COMMENT='包装详情';

#
# Dumping data for table package_batch_detail
#

LOCK TABLES `package_batch_detail` WRITE;
/*!40000 ALTER TABLE `package_batch_detail` DISABLE KEYS */;
INSERT INTO `package_batch_detail` VALUES (1,1,'SH01000000001','SH01000000001001','ANSA000003','测试商品','123456789','完成','2016-07-25 10:09:18',NULL,'1',NULL);
INSERT INTO `package_batch_detail` VALUES (2,1,'SH01000000001','SH01000000001001','ANSA000003','测试商品','12345678','完成','2016-07-25 10:09:30',NULL,'1',NULL);
INSERT INTO `package_batch_detail` VALUES (3,1,'SH01000000001','SH01000000001001','ANSA000003','测试商品','888888888','完成','2016-07-25 10:09:35',NULL,'1',NULL);
INSERT INTO `package_batch_detail` VALUES (4,1,'SH01000000001','SH01000000001002','ANSA000003','测试商品','123555555','完成','2016-07-25 18:08:11',NULL,'1',NULL);
INSERT INTO `package_batch_detail` VALUES (5,3,'SH01000000003','SH01000000003001','ANSA000002','ANSA000002','12345678988','完成','2016-07-25 18:20:52',NULL,'1',NULL);
INSERT INTO `package_batch_detail` VALUES (6,3,'SH01000000003','SH01000000003002','ANSA000002','ANSA000002','22222222222','完成','2016-07-25 18:21:05',NULL,'1',NULL);
INSERT INTO `package_batch_detail` VALUES (7,3,'SH01000000003','SH01000000003003','ANSA000002','ANSA000002','222233322','完成','2016-07-26 20:33:20',NULL,'1',NULL);
INSERT INTO `package_batch_detail` VALUES (8,3,'SH01000000003','SH01000000003004','ANSA000002','ANSA000002','1234567890','完成','2016-07-26 20:33:45',NULL,'1',NULL);
INSERT INTO `package_batch_detail` VALUES (9,4,'SH01000000004','SH01000000004001','ANSA000005','乳猪饲料','012345623','完成','2016-07-26 20:42:51',NULL,'1',NULL);
INSERT INTO `package_batch_detail` VALUES (10,4,'SH01000000004','SH01000000004001','ANSA000005','乳猪饲料','0123456789','完成','2016-07-26 20:42:57',NULL,'1',NULL);
INSERT INTO `package_batch_detail` VALUES (11,4,'SH01000000004','SH01000000004002','ANSA000005','乳猪饲料','01234567898','完成','2016-07-26 20:43:13',NULL,'1',NULL);
INSERT INTO `package_batch_detail` VALUES (12,4,'SH01000000004','SH01000000004002','ANSA000005','乳猪饲料','222222222','完成','2016-07-26 20:43:19',NULL,'1',NULL);
INSERT INTO `package_batch_detail` VALUES (13,6,'SH01000000006','SH01000000006001','ANSA000005','乳猪饲料','12345678922','完成','2016-07-26 21:30:08',NULL,'1',NULL);
INSERT INTO `package_batch_detail` VALUES (14,6,'SH01000000006','SH01000000006001','ANSA000005','乳猪饲料','88888888','完成','2016-07-26 21:30:18',NULL,'1',NULL);
/*!40000 ALTER TABLE `package_batch_detail` ENABLE KEYS */;
UNLOCK TABLES;

#
# Source for table print_history
#

DROP TABLE IF EXISTS `print_history`;
CREATE TABLE `print_history` (
  `id` int(11) NOT NULL AUTO_INCREMENT,
  `tag_id` int(11) DEFAULT NULL COMMENT '标签ID',
  `tag_name` varchar(255) DEFAULT NULL COMMENT '标签名称',
  `product_date` date DEFAULT NULL COMMENT '生产日期',
  `product_name` varchar(255) DEFAULT NULL COMMENT '产品名称',
  `depot_code` varchar(255) DEFAULT NULL COMMENT '公司代号',
  `batch_num` varchar(255) DEFAULT NULL COMMENT '批次号',
  `batch_id` int(11) DEFAULT NULL COMMENT '批次ID',
  `page_num` int(11) DEFAULT NULL COMMENT '打印张数',
  `createdatetime` datetime DEFAULT NULL COMMENT '创建时间',
  `createuser` varchar(36) DEFAULT NULL COMMENT '创建用户',
  PRIMARY KEY (`id`)
) ENGINE=InnoDB AUTO_INCREMENT=5 DEFAULT CHARSET=utf8 COMMENT='打印历史';

#
# Dumping data for table print_history
#

LOCK TABLES `print_history` WRITE;
/*!40000 ALTER TABLE `print_history` DISABLE KEYS */;
INSERT INTO `print_history` VALUES (1,12,'箱标签_一仓','2016-07-27','乳猪饲料','SH01','SH01000000006',6,2,'2016-07-27 00:15:28','1');
INSERT INTO `print_history` VALUES (2,12,'箱标签_一仓','2016-07-27','乳猪饲料','SH01','SH01000000006',6,2,'2016-07-27 00:15:52','1');
INSERT INTO `print_history` VALUES (3,12,'箱标签_一仓','2016-07-27','乳猪饲料','SH01','SH01000000006',6,2,'2016-07-27 21:48:31','1');
INSERT INTO `print_history` VALUES (4,12,'箱标签_一仓','2016-07-27','乳猪饲料','SH01','SH01000000006',6,2,'2016-07-27 21:53:23','1');
/*!40000 ALTER TABLE `print_history` ENABLE KEYS */;
UNLOCK TABLES;

#
# Source for table product
#

DROP TABLE IF EXISTS `product`;
CREATE TABLE `product` (
  `id` int(10) unsigned NOT NULL AUTO_INCREMENT COMMENT '主键',
  `product_name` varchar(64) NOT NULL COMMENT '商品名称',
  `product_code` varchar(64) NOT NULL COMMENT '产品编码',
  `depot_id` int(11) NOT NULL COMMENT '仓库ID',
  `status` tinyint(4) NOT NULL DEFAULT '0' COMMENT '状态 0 下架 1上架',
  `remark` varchar(255) DEFAULT NULL COMMENT '备注',
  `create_time` datetime NOT NULL COMMENT '创建时间',
  `admin_id` int(11) NOT NULL COMMENT '管理员Id',
  PRIMARY KEY (`id`)
) ENGINE=InnoDB AUTO_INCREMENT=8 DEFAULT CHARSET=utf8;

#
# Dumping data for table product
#

LOCK TABLES `product` WRITE;
/*!40000 ALTER TABLE `product` DISABLE KEYS */;
INSERT INTO `product` VALUES (1,'ANSA000001','ANSA000001',1,0,'测试','2016-06-28 21:30:47',1);
INSERT INTO `product` VALUES (2,'ANSA000002','ANSA000002',2,0,'风扇好用','2016-06-28 21:31:14',1);
INSERT INTO `product` VALUES (3,'测试商品','ANSA000003',4,0,'这个非常好','2016-07-06 13:47:45',1);
INSERT INTO `product` VALUES (4,'测试商品一','ANSA000004',1,0,'测试商品一','2016-07-06 21:36:33',1);
INSERT INTO `product` VALUES (5,'乳猪饲料','ANSA000005',1,0,'听说这个牌子不错哦哦\r\n','2016-07-26 20:42:19',1);
INSERT INTO `product` VALUES (6,'ANSA000006','ANSA000006',1,0,'','2016-08-09 14:13:17',1);
INSERT INTO `product` VALUES (7,'安佑乳猪饲料','ANSA000007',1,0,'','2016-08-09 14:14:15',1);
/*!40000 ALTER TABLE `product` ENABLE KEYS */;
UNLOCK TABLES;

#
# Source for table product_attribute
#

DROP TABLE IF EXISTS `product_attribute`;
CREATE TABLE `product_attribute` (
  `id` int(10) unsigned NOT NULL AUTO_INCREMENT COMMENT '主键ID',
  `attribute_name` varchar(64) NOT NULL COMMENT '属性名称',
  `type` tinyint(4) unsigned NOT NULL DEFAULT '1' COMMENT '属性类型 1 文本框 2 单选框 3 复选框 4 下拉框 ',
  `default_value` varchar(255) DEFAULT NULL COMMENT '默认值',
  `remark` varchar(255) DEFAULT NULL COMMENT '备注',
  `status` tinyint(4) NOT NULL DEFAULT '0' COMMENT '状态 ：0 停用 1 启用',
  `create_time` datetime DEFAULT NULL COMMENT '添加时间',
  `admin_id` int(11) DEFAULT NULL COMMENT '管理员ID',
  PRIMARY KEY (`id`)
) ENGINE=InnoDB AUTO_INCREMENT=5 DEFAULT CHARSET=utf8;

#
# Dumping data for table product_attribute
#

LOCK TABLES `product_attribute` WRITE;
/*!40000 ALTER TABLE `product_attribute` DISABLE KEYS */;
INSERT INTO `product_attribute` VALUES (1,'颜色',2,'白色,灰色,黑色','',1,'2016-07-30 17:34:18',1);
INSERT INTO `product_attribute` VALUES (2,'重量',2,'5-10 KG,11-20 KG,21-30 KG','重量',1,'2016-06-05 15:41:42',1);
INSERT INTO `product_attribute` VALUES (3,'产品编码',1,'编码','啊啊啊',1,'2016-07-29 15:41:13',1);
INSERT INTO `product_attribute` VALUES (4,'牌子',1,'','这个不错啊',1,'2016-08-07 17:24:43',1);
/*!40000 ALTER TABLE `product_attribute` ENABLE KEYS */;
UNLOCK TABLES;

#
# Source for table product_attribute_access
#

DROP TABLE IF EXISTS `product_attribute_access`;
CREATE TABLE `product_attribute_access` (
  `id` int(10) unsigned NOT NULL AUTO_INCREMENT COMMENT '自增ID',
  `product_id` int(11) NOT NULL COMMENT '商品ID',
  `product_attribute_id` int(10) unsigned NOT NULL COMMENT '商品属性ID',
  `attribute_value` varchar(255) NOT NULL COMMENT '属性值',
  `create_time` datetime NOT NULL,
  `admin_id` int(11) DEFAULT NULL,
  PRIMARY KEY (`id`)
) ENGINE=InnoDB AUTO_INCREMENT=19 DEFAULT CHARSET=utf8;

#
# Dumping data for table product_attribute_access
#

LOCK TABLES `product_attribute_access` WRITE;
/*!40000 ALTER TABLE `product_attribute_access` DISABLE KEYS */;
INSERT INTO `product_attribute_access` VALUES (1,1,1,'1','2016-06-28 21:30:47',1);
INSERT INTO `product_attribute_access` VALUES (2,1,2,'s','2016-06-28 21:30:47',1);
INSERT INTO `product_attribute_access` VALUES (5,2,2,'a','2016-06-28 21:31:14',1);
INSERT INTO `product_attribute_access` VALUES (7,1,3,'B','2016-06-28 21:30:47',1);
INSERT INTO `product_attribute_access` VALUES (8,1,0,'','2016-06-28 21:30:47',1);
INSERT INTO `product_attribute_access` VALUES (9,2,0,'','2016-06-28 21:31:14',1);
INSERT INTO `product_attribute_access` VALUES (10,2,3,'A','2016-06-28 21:31:14',1);
INSERT INTO `product_attribute_access` VALUES (11,3,1,'白色','2016-07-06 13:47:45',1);
INSERT INTO `product_attribute_access` VALUES (12,3,2,'11-20 KG','2016-07-06 13:47:45',1);
INSERT INTO `product_attribute_access` VALUES (13,5,1,'灰色','2016-07-26 20:42:19',1);
INSERT INTO `product_attribute_access` VALUES (14,5,2,'5-10 KG','2016-07-26 20:42:19',1);
INSERT INTO `product_attribute_access` VALUES (15,6,3,'SH00001','2016-08-09 14:13:17',1);
INSERT INTO `product_attribute_access` VALUES (18,7,3,'ASH0001','2016-08-09 14:14:15',1);
/*!40000 ALTER TABLE `product_attribute_access` ENABLE KEYS */;
UNLOCK TABLES;

#
# Source for table product_batch
#

DROP TABLE IF EXISTS `product_batch`;
CREATE TABLE `product_batch` (
  `id` int(10) unsigned NOT NULL AUTO_INCREMENT COMMENT 'ID',
  `batch_num` varchar(255) DEFAULT NULL COMMENT '批次号',
  `tag_id` int(11) NOT NULL COMMENT '模板ID',
  `depot_id` int(11) NOT NULL COMMENT '公司ID',
  `product_id` int(11) NOT NULL COMMENT '商品ID',
  `number` int(11) DEFAULT NULL COMMENT '该批次数量',
  `print_number` int(11) DEFAULT NULL COMMENT '已经打印数量',
  `create_time` datetime NOT NULL COMMENT '打印时间',
  `admin_id` int(11) NOT NULL COMMENT '操作人ID',
  PRIMARY KEY (`id`),
  UNIQUE KEY `batch_num` (`batch_num`)
) ENGINE=InnoDB AUTO_INCREMENT=33 DEFAULT CHARSET=utf8 COMMENT='编织袋标签打印批次表';

#
# Dumping data for table product_batch
#

LOCK TABLES `product_batch` WRITE;
/*!40000 ALTER TABLE `product_batch` DISABLE KEYS */;
INSERT INTO `product_batch` VALUES (1,'SH01000000012',1,1,4,4,0,'2016-07-24 17:16:41',1);
INSERT INTO `product_batch` VALUES (2,'SH01000000013',2,1,4,1,0,'2016-07-25 12:02:32',1);
INSERT INTO `product_batch` VALUES (3,'SH01000000014',2,1,4,1,0,'2016-07-25 12:23:02',1);
INSERT INTO `product_batch` VALUES (4,'SH01000000015',3,1,1,1,0,'2016-07-25 12:36:27',1);
INSERT INTO `product_batch` VALUES (5,'SH01000000016',1,1,4,1,0,'2016-07-26 10:05:47',1);
INSERT INTO `product_batch` VALUES (6,'SH01000000017',5,1,4,1,0,'2016-07-26 14:02:01',1);
INSERT INTO `product_batch` VALUES (7,'SH01000000018',5,1,4,1,0,'2016-07-26 16:10:03',1);
INSERT INTO `product_batch` VALUES (8,'SH01000000019',5,1,4,1,0,'2016-07-26 16:13:46',1);
INSERT INTO `product_batch` VALUES (9,'SH01000000020',6,1,4,1,0,'2016-07-26 16:40:38',1);
INSERT INTO `product_batch` VALUES (10,'SH01000000021',7,1,4,1,0,'2016-07-26 16:44:37',1);
INSERT INTO `product_batch` VALUES (11,'SH01000000022',7,1,4,23,0,'2016-07-26 16:50:59',1);
INSERT INTO `product_batch` VALUES (12,'SH01000000023',7,1,4,1,0,'2016-07-26 16:52:09',1);
INSERT INTO `product_batch` VALUES (13,'SH01000000024',8,1,4,1,0,'2016-07-26 17:04:52',1);
INSERT INTO `product_batch` VALUES (14,'SH01000000025',13,1,5,3,0,'2016-07-27 13:27:11',1);
INSERT INTO `product_batch` VALUES (15,'SH01000000026',13,1,5,3,0,'2016-07-27 13:28:17',1);
INSERT INTO `product_batch` VALUES (16,'SH01000000027',13,1,5,5,0,'2016-07-27 13:32:27',1);
INSERT INTO `product_batch` VALUES (17,'SH01000000028',17,1,5,1,0,'2016-07-28 10:51:26',1);
INSERT INTO `product_batch` VALUES (18,'SH01000000029',17,1,5,1,0,'2016-07-28 13:08:17',1);
INSERT INTO `product_batch` VALUES (19,'SH01000000030',23,1,5,1,0,'2016-07-29 09:08:28',1);
INSERT INTO `product_batch` VALUES (20,'SH01000000031',27,1,5,3,3,'2016-07-29 14:54:33',1);
INSERT INTO `product_batch` VALUES (21,'SH01000000032',18,1,5,2,0,'2016-08-03 16:40:34',1);
INSERT INTO `product_batch` VALUES (22,'SH01000000033',14,1,1,1,0,'2016-08-03 16:43:03',1);
INSERT INTO `product_batch` VALUES (23,'SH01000000034',18,1,5,1,0,'2016-08-03 16:44:22',1);
INSERT INTO `product_batch` VALUES (24,'SH01000000035',6,1,4,1,1,'2016-08-03 17:11:09',1);
INSERT INTO `product_batch` VALUES (29,'SH01000000036',62,1,4,100,100,'2016-08-09 13:37:42',1);
INSERT INTO `product_batch` VALUES (30,'SH01000000037',62,1,4,50,50,'2016-08-09 13:43:29',1);
INSERT INTO `product_batch` VALUES (31,'SH01000000038',64,1,4,50,50,'2016-08-09 14:03:53',1);
INSERT INTO `product_batch` VALUES (32,'SH01000000039',64,1,4,100,100,'2016-08-09 14:10:56',1);
/*!40000 ALTER TABLE `product_batch` ENABLE KEYS */;
UNLOCK TABLES;

#
# Source for table product_batch_detail
#

DROP TABLE IF EXISTS `product_batch_detail`;
CREATE TABLE `product_batch_detail` (
  `id` int(10) unsigned NOT NULL AUTO_INCREMENT COMMENT 'ID ',
  `batch_id` int(11) NOT NULL COMMENT '批次号',
  `product_date` date NOT NULL DEFAULT '0000-00-00' COMMENT '生产日期',
  `bill_num` varchar(255) NOT NULL COMMENT '流水号',
  `printstatus` varchar(50) DEFAULT '0' COMMENT '0未打印|1已打印',
  `create_time` datetime NOT NULL COMMENT '添加时间',
  `admin_id` int(11) NOT NULL,
  `qrcode` varchar(255) DEFAULT NULL COMMENT '二维码数据',
  `update_time` datetime DEFAULT NULL COMMENT '打印更新时间',
  PRIMARY KEY (`id`)
) ENGINE=InnoDB AUTO_INCREMENT=362 DEFAULT CHARSET=utf8 COMMENT='编织袋标签打印批次详情表';

#
# Dumping data for table product_batch_detail
#

LOCK TABLES `product_batch_detail` WRITE;
/*!40000 ALTER TABLE `product_batch_detail` DISABLE KEYS */;
INSERT INTO `product_batch_detail` VALUES (1,1,'2016-07-24','SH01000150010','0','2016-07-24 17:16:41',1,'/index.php/Front/index?code=SH01000150010',NULL);
INSERT INTO `product_batch_detail` VALUES (4,1,'2016-07-24','SH01000150013','1','2016-07-24 17:16:41',1,'/index.php/Front/index?code=SH01000150013',NULL);
INSERT INTO `product_batch_detail` VALUES (5,2,'2016-07-24','SH01000150013','0','2016-07-24 17:16:41',1,'/index.php/Front/index?code=SH01000150013',NULL);
INSERT INTO `product_batch_detail` VALUES (6,2,'2016-07-25','SH01000150014','0','2016-07-25 12:02:32',1,'/index.php/Front/index?code=SH01000150014',NULL);
INSERT INTO `product_batch_detail` VALUES (7,3,'2016-07-25','SH01000150015','0','2016-07-25 12:23:02',1,'/index.php/Front/index?code=SH01000150015',NULL);
INSERT INTO `product_batch_detail` VALUES (8,4,'2016-07-25','SH01000150016','0','2016-07-25 12:36:27',1,'/index.php/Front/index?code=SH01000150016',NULL);
INSERT INTO `product_batch_detail` VALUES (9,5,'2016-07-26','SH01000150017','0','2016-07-26 10:05:47',1,'/index.php/Front/index?code=SH01000150017',NULL);
INSERT INTO `product_batch_detail` VALUES (10,6,'2016-07-26','SH01000150018','0','2016-07-26 14:02:01',1,'/index.php/Front/index?code=SH01000150018',NULL);
INSERT INTO `product_batch_detail` VALUES (11,7,'2016-07-26','SH01000150019','0','2016-07-26 16:10:03',1,'/index.php/Front/index?code=SH01000150019',NULL);
INSERT INTO `product_batch_detail` VALUES (12,8,'2016-07-26','SH01000150020','0','2016-07-26 16:13:46',1,'/index.php/Front/index?code=SH01000150020',NULL);
INSERT INTO `product_batch_detail` VALUES (13,9,'2016-07-26','SH01000150021','0','2016-07-26 16:40:38',1,'/index.php/Front/index?code=SH01000150021',NULL);
INSERT INTO `product_batch_detail` VALUES (14,10,'2016-07-26','SH01000150022','0','2016-07-26 16:44:37',1,'/index.php/Front/index?code=SH01000150022',NULL);
INSERT INTO `product_batch_detail` VALUES (15,11,'2016-07-26','SH01000150023','0','2016-07-26 16:50:59',1,'/index.php/Front/index?code=SH01000150023',NULL);
INSERT INTO `product_batch_detail` VALUES (16,11,'2016-07-26','SH01000150024','0','2016-07-26 16:50:59',1,'/index.php/Front/index?code=SH01000150024',NULL);
INSERT INTO `product_batch_detail` VALUES (17,11,'2016-07-26','SH01000150025','0','2016-07-26 16:50:59',1,'/index.php/Front/index?code=SH01000150025',NULL);
INSERT INTO `product_batch_detail` VALUES (18,11,'2016-07-26','SH01000150026','0','2016-07-26 16:50:59',1,'/index.php/Front/index?code=SH01000150026',NULL);
INSERT INTO `product_batch_detail` VALUES (19,11,'2016-07-26','SH01000150027','0','2016-07-26 16:50:59',1,'/index.php/Front/index?code=SH01000150027',NULL);
INSERT INTO `product_batch_detail` VALUES (20,11,'2016-07-26','SH01000150028','0','2016-07-26 16:50:59',1,'/index.php/Front/index?code=SH01000150028',NULL);
INSERT INTO `product_batch_detail` VALUES (21,11,'2016-07-26','SH01000150029','0','2016-07-26 16:50:59',1,'/index.php/Front/index?code=SH01000150029',NULL);
INSERT INTO `product_batch_detail` VALUES (22,11,'2016-07-26','SH01000150030','0','2016-07-26 16:50:59',1,'/index.php/Front/index?code=SH01000150030',NULL);
INSERT INTO `product_batch_detail` VALUES (23,11,'2016-07-26','SH01000150031','0','2016-07-26 16:50:59',1,'/index.php/Front/index?code=SH01000150031',NULL);
INSERT INTO `product_batch_detail` VALUES (24,11,'2016-07-26','SH01000150032','0','2016-07-26 16:50:59',1,'/index.php/Front/index?code=SH01000150032',NULL);
INSERT INTO `product_batch_detail` VALUES (25,11,'2016-07-26','SH01000150033','0','2016-07-26 16:50:59',1,'/index.php/Front/index?code=SH01000150033',NULL);
INSERT INTO `product_batch_detail` VALUES (26,11,'2016-07-26','SH01000150034','0','2016-07-26 16:50:59',1,'/index.php/Front/index?code=SH01000150034',NULL);
INSERT INTO `product_batch_detail` VALUES (27,11,'2016-07-26','SH01000150035','0','2016-07-26 16:50:59',1,'/index.php/Front/index?code=SH01000150035',NULL);
INSERT INTO `product_batch_detail` VALUES (28,11,'2016-07-26','SH01000150036','0','2016-07-26 16:50:59',1,'/index.php/Front/index?code=SH01000150036',NULL);
INSERT INTO `product_batch_detail` VALUES (29,11,'2016-07-26','SH01000150037','0','2016-07-26 16:50:59',1,'/index.php/Front/index?code=SH01000150037',NULL);
INSERT INTO `product_batch_detail` VALUES (30,11,'2016-07-26','SH01000150038','0','2016-07-26 16:50:59',1,'/index.php/Front/index?code=SH01000150038',NULL);
INSERT INTO `product_batch_detail` VALUES (31,11,'2016-07-26','SH01000150039','0','2016-07-26 16:50:59',1,'/index.php/Front/index?code=SH01000150039',NULL);
INSERT INTO `product_batch_detail` VALUES (32,11,'2016-07-26','SH01000150040','0','2016-07-26 16:50:59',1,'/index.php/Front/index?code=SH01000150040',NULL);
INSERT INTO `product_batch_detail` VALUES (33,11,'2016-07-26','SH01000150041','0','2016-07-26 16:50:59',1,'/index.php/Front/index?code=SH01000150041',NULL);
INSERT INTO `product_batch_detail` VALUES (34,11,'2016-07-26','SH01000150042','0','2016-07-26 16:50:59',1,'/index.php/Front/index?code=SH01000150042',NULL);
INSERT INTO `product_batch_detail` VALUES (35,11,'2016-07-26','SH01000150043','0','2016-07-26 16:50:59',1,'/index.php/Front/index?code=SH01000150043',NULL);
INSERT INTO `product_batch_detail` VALUES (36,11,'2016-07-26','SH01000150044','0','2016-07-26 16:50:59',1,'/index.php/Front/index?code=SH01000150044',NULL);
INSERT INTO `product_batch_detail` VALUES (37,11,'2016-07-26','SH01000150045','0','2016-07-26 16:50:59',1,'/index.php/Front/index?code=SH01000150045',NULL);
INSERT INTO `product_batch_detail` VALUES (38,12,'2016-07-26','SH01000150046','0','2016-07-26 16:52:09',1,'/index.php/Front/index?code=SH01000150046',NULL);
INSERT INTO `product_batch_detail` VALUES (39,13,'2016-07-26','SH01000150047','0','2016-07-26 17:04:52',1,'/index.php/Front/index?code=SH01000150047',NULL);
INSERT INTO `product_batch_detail` VALUES (40,14,'2016-07-27','SH01000150048','0','2016-07-27 13:27:11',1,'/index.php/Front/index?code=SH01000150048',NULL);
INSERT INTO `product_batch_detail` VALUES (41,14,'2016-07-27','SH01000150049','0','2016-07-27 13:27:11',1,'/index.php/Front/index?code=SH01000150049',NULL);
INSERT INTO `product_batch_detail` VALUES (42,14,'2016-07-27','SH01000150050','0','2016-07-27 13:27:11',1,'/index.php/Front/index?code=SH01000150050',NULL);
INSERT INTO `product_batch_detail` VALUES (43,15,'2016-07-27','SH01000150051','0','2016-07-27 13:28:17',1,'/index.php/Front/index?code=SH01000150051',NULL);
INSERT INTO `product_batch_detail` VALUES (44,15,'2016-07-27','SH01000150052','0','2016-07-27 13:28:17',1,'/index.php/Front/index?code=SH01000150052',NULL);
INSERT INTO `product_batch_detail` VALUES (45,15,'2016-07-27','SH01000150053','0','2016-07-27 13:28:17',1,'/index.php/Front/index?code=SH01000150053',NULL);
INSERT INTO `product_batch_detail` VALUES (46,16,'2016-07-27','SH01000150054','0','2016-07-27 13:32:27',1,'/index.php/Front/index?code=SH01000150054',NULL);
INSERT INTO `product_batch_detail` VALUES (47,16,'2016-07-27','SH01000150055','0','2016-07-27 13:32:27',1,'/index.php/Front/index?code=SH01000150055',NULL);
INSERT INTO `product_batch_detail` VALUES (48,16,'2016-07-27','SH01000150056','0','2016-07-27 13:32:27',1,'/index.php/Front/index?code=SH01000150056',NULL);
INSERT INTO `product_batch_detail` VALUES (49,16,'2016-07-27','SH01000150057','0','2016-07-27 13:32:27',1,'/index.php/Front/index?code=SH01000150057',NULL);
INSERT INTO `product_batch_detail` VALUES (50,16,'2016-07-27','SH01000150058','0','2016-07-27 13:32:27',1,'/index.php/Front/index?code=SH01000150058',NULL);
INSERT INTO `product_batch_detail` VALUES (51,17,'2016-07-28','SH01000150059','0','2016-07-28 10:51:26',1,'/index.php/Front/index?code=SH01000150059',NULL);
INSERT INTO `product_batch_detail` VALUES (52,18,'2016-07-28','SH01000150060','0','2016-07-28 13:08:17',1,'/index.php/Front/index?code=SH01000150060',NULL);
INSERT INTO `product_batch_detail` VALUES (53,19,'2016-07-29','SH01000150061','0','2016-07-29 09:08:28',1,'/index.php/Front/index?code=SH01000150061',NULL);
INSERT INTO `product_batch_detail` VALUES (54,20,'2016-07-14','SH01000150062','1','2016-07-29 14:54:33',1,'/index.php/Front/index?code=SH01000150062','2016-08-03 20:53:57');
INSERT INTO `product_batch_detail` VALUES (55,20,'2016-07-14','SH01000150063','1','2016-07-29 14:54:33',1,'/index.php/Front/index?code=SH01000150063','2016-08-03 20:53:57');
INSERT INTO `product_batch_detail` VALUES (56,20,'2016-07-14','SH01000150064','1','2016-07-29 14:54:33',1,'/index.php/Front/index?code=SH01000150064','2016-08-03 20:53:57');
INSERT INTO `product_batch_detail` VALUES (57,21,'2016-08-03','SH01000150065','0','2016-08-03 16:40:34',1,'/index.php/Front/index?code=SH01000150065',NULL);
INSERT INTO `product_batch_detail` VALUES (58,21,'2016-08-03','SH01000150066','0','2016-08-03 16:40:34',1,'/index.php/Front/index?code=SH01000150066',NULL);
INSERT INTO `product_batch_detail` VALUES (59,22,'2016-08-03','SH01000150067','0','2016-08-03 16:43:03',1,'/index.php/Front/index?code=SH01000150067',NULL);
INSERT INTO `product_batch_detail` VALUES (60,23,'2016-07-12','SH01000150068','0','2016-08-03 16:44:22',1,'/index.php/Front/index?code=SH01000150068',NULL);
INSERT INTO `product_batch_detail` VALUES (61,24,'2016-08-03','SH01000150069','1','2016-08-03 17:11:09',1,'/index.php/Front/index?code=SH01000150069','2016-08-09 13:42:35');
INSERT INTO `product_batch_detail` VALUES (62,29,'2016-08-09','SH01000150465','1','2016-08-09 13:37:42',1,'http://think.5zyx.com/index.php/front/index/code/SH01000150465','2016-08-09 13:39:25');
INSERT INTO `product_batch_detail` VALUES (63,29,'2016-08-09','SH01000150466','1','2016-08-09 13:37:42',1,'http://think.5zyx.com/index.php/front/index/code/SH01000150466','2016-08-09 13:39:25');
INSERT INTO `product_batch_detail` VALUES (64,29,'2016-08-09','SH01000150467','1','2016-08-09 13:37:42',1,'http://think.5zyx.com/index.php/front/index/code/SH01000150467','2016-08-09 13:39:25');
INSERT INTO `product_batch_detail` VALUES (65,29,'2016-08-09','SH01000150468','1','2016-08-09 13:37:42',1,'http://think.5zyx.com/index.php/front/index/code/SH01000150468','2016-08-09 13:39:25');
INSERT INTO `product_batch_detail` VALUES (66,29,'2016-08-09','SH01000150469','1','2016-08-09 13:37:42',1,'http://think.5zyx.com/index.php/front/index/code/SH01000150469','2016-08-09 13:39:25');
INSERT INTO `product_batch_detail` VALUES (67,29,'2016-08-09','SH01000150470','1','2016-08-09 13:37:42',1,'http://think.5zyx.com/index.php/front/index/code/SH01000150470','2016-08-09 13:39:25');
INSERT INTO `product_batch_detail` VALUES (68,29,'2016-08-09','SH01000150471','1','2016-08-09 13:37:42',1,'http://think.5zyx.com/index.php/front/index/code/SH01000150471','2016-08-09 13:39:25');
INSERT INTO `product_batch_detail` VALUES (69,29,'2016-08-09','SH01000150472','1','2016-08-09 13:37:42',1,'http://think.5zyx.com/index.php/front/index/code/SH01000150472','2016-08-09 13:39:25');
INSERT INTO `product_batch_detail` VALUES (70,29,'2016-08-09','SH01000150473','1','2016-08-09 13:37:42',1,'http://think.5zyx.com/index.php/front/index/code/SH01000150473','2016-08-09 13:39:25');
INSERT INTO `product_batch_detail` VALUES (71,29,'2016-08-09','SH01000150474','1','2016-08-09 13:37:42',1,'http://think.5zyx.com/index.php/front/index/code/SH01000150474','2016-08-09 13:39:25');
INSERT INTO `product_batch_detail` VALUES (72,29,'2016-08-09','SH01000150475','1','2016-08-09 13:37:42',1,'http://think.5zyx.com/index.php/front/index/code/SH01000150475','2016-08-09 13:39:25');
INSERT INTO `product_batch_detail` VALUES (73,29,'2016-08-09','SH01000150476','1','2016-08-09 13:37:42',1,'http://think.5zyx.com/index.php/front/index/code/SH01000150476','2016-08-09 13:39:25');
INSERT INTO `product_batch_detail` VALUES (74,29,'2016-08-09','SH01000150477','1','2016-08-09 13:37:42',1,'http://think.5zyx.com/index.php/front/index/code/SH01000150477','2016-08-09 13:39:25');
INSERT INTO `product_batch_detail` VALUES (75,29,'2016-08-09','SH01000150478','1','2016-08-09 13:37:42',1,'http://think.5zyx.com/index.php/front/index/code/SH01000150478','2016-08-09 13:39:25');
INSERT INTO `product_batch_detail` VALUES (76,29,'2016-08-09','SH01000150479','1','2016-08-09 13:37:42',1,'http://think.5zyx.com/index.php/front/index/code/SH01000150479','2016-08-09 13:39:25');
INSERT INTO `product_batch_detail` VALUES (77,29,'2016-08-09','SH01000150480','1','2016-08-09 13:37:42',1,'http://think.5zyx.com/index.php/front/index/code/SH01000150480','2016-08-09 13:39:25');
INSERT INTO `product_batch_detail` VALUES (78,29,'2016-08-09','SH01000150481','1','2016-08-09 13:37:42',1,'http://think.5zyx.com/index.php/front/index/code/SH01000150481','2016-08-09 13:39:25');
INSERT INTO `product_batch_detail` VALUES (79,29,'2016-08-09','SH01000150482','1','2016-08-09 13:37:42',1,'http://think.5zyx.com/index.php/front/index/code/SH01000150482','2016-08-09 13:39:25');
INSERT INTO `product_batch_detail` VALUES (80,29,'2016-08-09','SH01000150483','1','2016-08-09 13:37:42',1,'http://think.5zyx.com/index.php/front/index/code/SH01000150483','2016-08-09 13:39:25');
INSERT INTO `product_batch_detail` VALUES (81,29,'2016-08-09','SH01000150484','1','2016-08-09 13:37:42',1,'http://think.5zyx.com/index.php/front/index/code/SH01000150484','2016-08-09 13:39:25');
INSERT INTO `product_batch_detail` VALUES (82,29,'2016-08-09','SH01000150485','1','2016-08-09 13:37:42',1,'http://think.5zyx.com/index.php/front/index/code/SH01000150485','2016-08-09 13:39:25');
INSERT INTO `product_batch_detail` VALUES (83,29,'2016-08-09','SH01000150486','1','2016-08-09 13:37:42',1,'http://think.5zyx.com/index.php/front/index/code/SH01000150486','2016-08-09 13:39:25');
INSERT INTO `product_batch_detail` VALUES (84,29,'2016-08-09','SH01000150487','1','2016-08-09 13:37:42',1,'http://think.5zyx.com/index.php/front/index/code/SH01000150487','2016-08-09 13:39:25');
INSERT INTO `product_batch_detail` VALUES (85,29,'2016-08-09','SH01000150488','1','2016-08-09 13:37:42',1,'http://think.5zyx.com/index.php/front/index/code/SH01000150488','2016-08-09 13:39:25');
INSERT INTO `product_batch_detail` VALUES (86,29,'2016-08-09','SH01000150489','1','2016-08-09 13:37:42',1,'http://think.5zyx.com/index.php/front/index/code/SH01000150489','2016-08-09 13:39:25');
INSERT INTO `product_batch_detail` VALUES (87,29,'2016-08-09','SH01000150490','1','2016-08-09 13:37:42',1,'http://think.5zyx.com/index.php/front/index/code/SH01000150490','2016-08-09 13:39:25');
INSERT INTO `product_batch_detail` VALUES (88,29,'2016-08-09','SH01000150491','1','2016-08-09 13:37:42',1,'http://think.5zyx.com/index.php/front/index/code/SH01000150491','2016-08-09 13:39:25');
INSERT INTO `product_batch_detail` VALUES (89,29,'2016-08-09','SH01000150492','1','2016-08-09 13:37:42',1,'http://think.5zyx.com/index.php/front/index/code/SH01000150492','2016-08-09 13:39:25');
INSERT INTO `product_batch_detail` VALUES (90,29,'2016-08-09','SH01000150493','1','2016-08-09 13:37:42',1,'http://think.5zyx.com/index.php/front/index/code/SH01000150493','2016-08-09 13:39:25');
INSERT INTO `product_batch_detail` VALUES (91,29,'2016-08-09','SH01000150494','1','2016-08-09 13:37:42',1,'http://think.5zyx.com/index.php/front/index/code/SH01000150494','2016-08-09 13:39:25');
INSERT INTO `product_batch_detail` VALUES (92,29,'2016-08-09','SH01000150495','1','2016-08-09 13:37:42',1,'http://think.5zyx.com/index.php/front/index/code/SH01000150495','2016-08-09 13:39:25');
INSERT INTO `product_batch_detail` VALUES (93,29,'2016-08-09','SH01000150496','1','2016-08-09 13:37:42',1,'http://think.5zyx.com/index.php/front/index/code/SH01000150496','2016-08-09 13:39:25');
INSERT INTO `product_batch_detail` VALUES (94,29,'2016-08-09','SH01000150497','1','2016-08-09 13:37:42',1,'http://think.5zyx.com/index.php/front/index/code/SH01000150497','2016-08-09 13:39:25');
INSERT INTO `product_batch_detail` VALUES (95,29,'2016-08-09','SH01000150498','1','2016-08-09 13:37:42',1,'http://think.5zyx.com/index.php/front/index/code/SH01000150498','2016-08-09 13:39:25');
INSERT INTO `product_batch_detail` VALUES (96,29,'2016-08-09','SH01000150499','1','2016-08-09 13:37:42',1,'http://think.5zyx.com/index.php/front/index/code/SH01000150499','2016-08-09 13:39:25');
INSERT INTO `product_batch_detail` VALUES (97,29,'2016-08-09','SH01000150500','1','2016-08-09 13:37:42',1,'http://think.5zyx.com/index.php/front/index/code/SH01000150500','2016-08-09 13:39:25');
INSERT INTO `product_batch_detail` VALUES (98,29,'2016-08-09','SH01000150501','1','2016-08-09 13:37:42',1,'http://think.5zyx.com/index.php/front/index/code/SH01000150501','2016-08-09 13:39:25');
INSERT INTO `product_batch_detail` VALUES (99,29,'2016-08-09','SH01000150502','1','2016-08-09 13:37:42',1,'http://think.5zyx.com/index.php/front/index/code/SH01000150502','2016-08-09 13:39:25');
INSERT INTO `product_batch_detail` VALUES (100,29,'2016-08-09','SH01000150503','1','2016-08-09 13:37:42',1,'http://think.5zyx.com/index.php/front/index/code/SH01000150503','2016-08-09 13:39:25');
INSERT INTO `product_batch_detail` VALUES (101,29,'2016-08-09','SH01000150504','1','2016-08-09 13:37:42',1,'http://think.5zyx.com/index.php/front/index/code/SH01000150504','2016-08-09 13:39:25');
INSERT INTO `product_batch_detail` VALUES (102,29,'2016-08-09','SH01000150505','1','2016-08-09 13:37:42',1,'http://think.5zyx.com/index.php/front/index/code/SH01000150505','2016-08-09 13:39:25');
INSERT INTO `product_batch_detail` VALUES (103,29,'2016-08-09','SH01000150506','1','2016-08-09 13:37:42',1,'http://think.5zyx.com/index.php/front/index/code/SH01000150506','2016-08-09 13:39:25');
INSERT INTO `product_batch_detail` VALUES (104,29,'2016-08-09','SH01000150507','1','2016-08-09 13:37:42',1,'http://think.5zyx.com/index.php/front/index/code/SH01000150507','2016-08-09 13:39:25');
INSERT INTO `product_batch_detail` VALUES (105,29,'2016-08-09','SH01000150508','1','2016-08-09 13:37:42',1,'http://think.5zyx.com/index.php/front/index/code/SH01000150508','2016-08-09 13:39:25');
INSERT INTO `product_batch_detail` VALUES (106,29,'2016-08-09','SH01000150509','1','2016-08-09 13:37:42',1,'http://think.5zyx.com/index.php/front/index/code/SH01000150509','2016-08-09 13:39:25');
INSERT INTO `product_batch_detail` VALUES (107,29,'2016-08-09','SH01000150510','1','2016-08-09 13:37:42',1,'http://think.5zyx.com/index.php/front/index/code/SH01000150510','2016-08-09 13:39:25');
INSERT INTO `product_batch_detail` VALUES (108,29,'2016-08-09','SH01000150511','1','2016-08-09 13:37:42',1,'http://think.5zyx.com/index.php/front/index/code/SH01000150511','2016-08-09 13:39:25');
INSERT INTO `product_batch_detail` VALUES (109,29,'2016-08-09','SH01000150512','1','2016-08-09 13:37:42',1,'http://think.5zyx.com/index.php/front/index/code/SH01000150512','2016-08-09 13:39:25');
INSERT INTO `product_batch_detail` VALUES (110,29,'2016-08-09','SH01000150513','1','2016-08-09 13:37:42',1,'http://think.5zyx.com/index.php/front/index/code/SH01000150513','2016-08-09 13:39:25');
INSERT INTO `product_batch_detail` VALUES (111,29,'2016-08-09','SH01000150514','1','2016-08-09 13:37:42',1,'http://think.5zyx.com/index.php/front/index/code/SH01000150514','2016-08-09 13:39:25');
INSERT INTO `product_batch_detail` VALUES (112,29,'2016-08-09','SH01000150515','1','2016-08-09 13:37:42',1,'http://think.5zyx.com/index.php/front/index/code/SH01000150515','2016-08-09 13:39:25');
INSERT INTO `product_batch_detail` VALUES (113,29,'2016-08-09','SH01000150516','1','2016-08-09 13:37:42',1,'http://think.5zyx.com/index.php/front/index/code/SH01000150516','2016-08-09 13:39:25');
INSERT INTO `product_batch_detail` VALUES (114,29,'2016-08-09','SH01000150517','1','2016-08-09 13:37:42',1,'http://think.5zyx.com/index.php/front/index/code/SH01000150517','2016-08-09 13:39:25');
INSERT INTO `product_batch_detail` VALUES (115,29,'2016-08-09','SH01000150518','1','2016-08-09 13:37:42',1,'http://think.5zyx.com/index.php/front/index/code/SH01000150518','2016-08-09 13:39:25');
INSERT INTO `product_batch_detail` VALUES (116,29,'2016-08-09','SH01000150519','1','2016-08-09 13:37:42',1,'http://think.5zyx.com/index.php/front/index/code/SH01000150519','2016-08-09 13:39:25');
INSERT INTO `product_batch_detail` VALUES (117,29,'2016-08-09','SH01000150520','1','2016-08-09 13:37:42',1,'http://think.5zyx.com/index.php/front/index/code/SH01000150520','2016-08-09 13:39:25');
INSERT INTO `product_batch_detail` VALUES (118,29,'2016-08-09','SH01000150521','1','2016-08-09 13:37:42',1,'http://think.5zyx.com/index.php/front/index/code/SH01000150521','2016-08-09 13:39:25');
INSERT INTO `product_batch_detail` VALUES (119,29,'2016-08-09','SH01000150522','1','2016-08-09 13:37:42',1,'http://think.5zyx.com/index.php/front/index/code/SH01000150522','2016-08-09 13:39:25');
INSERT INTO `product_batch_detail` VALUES (120,29,'2016-08-09','SH01000150523','1','2016-08-09 13:37:42',1,'http://think.5zyx.com/index.php/front/index/code/SH01000150523','2016-08-09 13:39:25');
INSERT INTO `product_batch_detail` VALUES (121,29,'2016-08-09','SH01000150524','1','2016-08-09 13:37:42',1,'http://think.5zyx.com/index.php/front/index/code/SH01000150524','2016-08-09 13:39:25');
INSERT INTO `product_batch_detail` VALUES (122,29,'2016-08-09','SH01000150525','1','2016-08-09 13:37:42',1,'http://think.5zyx.com/index.php/front/index/code/SH01000150525','2016-08-09 13:39:25');
INSERT INTO `product_batch_detail` VALUES (123,29,'2016-08-09','SH01000150526','1','2016-08-09 13:37:42',1,'http://think.5zyx.com/index.php/front/index/code/SH01000150526','2016-08-09 13:39:25');
INSERT INTO `product_batch_detail` VALUES (124,29,'2016-08-09','SH01000150527','1','2016-08-09 13:37:42',1,'http://think.5zyx.com/index.php/front/index/code/SH01000150527','2016-08-09 13:39:25');
INSERT INTO `product_batch_detail` VALUES (125,29,'2016-08-09','SH01000150528','1','2016-08-09 13:37:42',1,'http://think.5zyx.com/index.php/front/index/code/SH01000150528','2016-08-09 13:39:25');
INSERT INTO `product_batch_detail` VALUES (126,29,'2016-08-09','SH01000150529','1','2016-08-09 13:37:42',1,'http://think.5zyx.com/index.php/front/index/code/SH01000150529','2016-08-09 13:39:25');
INSERT INTO `product_batch_detail` VALUES (127,29,'2016-08-09','SH01000150530','1','2016-08-09 13:37:42',1,'http://think.5zyx.com/index.php/front/index/code/SH01000150530','2016-08-09 13:39:25');
INSERT INTO `product_batch_detail` VALUES (128,29,'2016-08-09','SH01000150531','1','2016-08-09 13:37:42',1,'http://think.5zyx.com/index.php/front/index/code/SH01000150531','2016-08-09 13:39:25');
INSERT INTO `product_batch_detail` VALUES (129,29,'2016-08-09','SH01000150532','1','2016-08-09 13:37:42',1,'http://think.5zyx.com/index.php/front/index/code/SH01000150532','2016-08-09 13:39:25');
INSERT INTO `product_batch_detail` VALUES (130,29,'2016-08-09','SH01000150533','1','2016-08-09 13:37:42',1,'http://think.5zyx.com/index.php/front/index/code/SH01000150533','2016-08-09 13:39:25');
INSERT INTO `product_batch_detail` VALUES (131,29,'2016-08-09','SH01000150534','1','2016-08-09 13:37:42',1,'http://think.5zyx.com/index.php/front/index/code/SH01000150534','2016-08-09 13:39:25');
INSERT INTO `product_batch_detail` VALUES (132,29,'2016-08-09','SH01000150535','1','2016-08-09 13:37:42',1,'http://think.5zyx.com/index.php/front/index/code/SH01000150535','2016-08-09 13:39:25');
INSERT INTO `product_batch_detail` VALUES (133,29,'2016-08-09','SH01000150536','1','2016-08-09 13:37:42',1,'http://think.5zyx.com/index.php/front/index/code/SH01000150536','2016-08-09 13:39:25');
INSERT INTO `product_batch_detail` VALUES (134,29,'2016-08-09','SH01000150537','1','2016-08-09 13:37:42',1,'http://think.5zyx.com/index.php/front/index/code/SH01000150537','2016-08-09 13:39:25');
INSERT INTO `product_batch_detail` VALUES (135,29,'2016-08-09','SH01000150538','1','2016-08-09 13:37:42',1,'http://think.5zyx.com/index.php/front/index/code/SH01000150538','2016-08-09 13:39:25');
INSERT INTO `product_batch_detail` VALUES (136,29,'2016-08-09','SH01000150539','1','2016-08-09 13:37:42',1,'http://think.5zyx.com/index.php/front/index/code/SH01000150539','2016-08-09 13:39:25');
INSERT INTO `product_batch_detail` VALUES (137,29,'2016-08-09','SH01000150540','1','2016-08-09 13:37:42',1,'http://think.5zyx.com/index.php/front/index/code/SH01000150540','2016-08-09 13:39:25');
INSERT INTO `product_batch_detail` VALUES (138,29,'2016-08-09','SH01000150541','1','2016-08-09 13:37:42',1,'http://think.5zyx.com/index.php/front/index/code/SH01000150541','2016-08-09 13:39:25');
INSERT INTO `product_batch_detail` VALUES (139,29,'2016-08-09','SH01000150542','1','2016-08-09 13:37:42',1,'http://think.5zyx.com/index.php/front/index/code/SH01000150542','2016-08-09 13:39:25');
INSERT INTO `product_batch_detail` VALUES (140,29,'2016-08-09','SH01000150543','1','2016-08-09 13:37:42',1,'http://think.5zyx.com/index.php/front/index/code/SH01000150543','2016-08-09 13:39:25');
INSERT INTO `product_batch_detail` VALUES (141,29,'2016-08-09','SH01000150544','1','2016-08-09 13:37:42',1,'http://think.5zyx.com/index.php/front/index/code/SH01000150544','2016-08-09 13:39:25');
INSERT INTO `product_batch_detail` VALUES (142,29,'2016-08-09','SH01000150545','1','2016-08-09 13:37:42',1,'http://think.5zyx.com/index.php/front/index/code/SH01000150545','2016-08-09 13:39:25');
INSERT INTO `product_batch_detail` VALUES (143,29,'2016-08-09','SH01000150546','1','2016-08-09 13:37:42',1,'http://think.5zyx.com/index.php/front/index/code/SH01000150546','2016-08-09 13:39:25');
INSERT INTO `product_batch_detail` VALUES (144,29,'2016-08-09','SH01000150547','1','2016-08-09 13:37:42',1,'http://think.5zyx.com/index.php/front/index/code/SH01000150547','2016-08-09 13:39:25');
INSERT INTO `product_batch_detail` VALUES (145,29,'2016-08-09','SH01000150548','1','2016-08-09 13:37:42',1,'http://think.5zyx.com/index.php/front/index/code/SH01000150548','2016-08-09 13:39:25');
INSERT INTO `product_batch_detail` VALUES (146,29,'2016-08-09','SH01000150549','1','2016-08-09 13:37:42',1,'http://think.5zyx.com/index.php/front/index/code/SH01000150549','2016-08-09 13:39:25');
INSERT INTO `product_batch_detail` VALUES (147,29,'2016-08-09','SH01000150550','1','2016-08-09 13:37:42',1,'http://think.5zyx.com/index.php/front/index/code/SH01000150550','2016-08-09 13:39:25');
INSERT INTO `product_batch_detail` VALUES (148,29,'2016-08-09','SH01000150551','1','2016-08-09 13:37:42',1,'http://think.5zyx.com/index.php/front/index/code/SH01000150551','2016-08-09 13:39:25');
INSERT INTO `product_batch_detail` VALUES (149,29,'2016-08-09','SH01000150552','1','2016-08-09 13:37:42',1,'http://think.5zyx.com/index.php/front/index/code/SH01000150552','2016-08-09 13:39:25');
INSERT INTO `product_batch_detail` VALUES (150,29,'2016-08-09','SH01000150553','1','2016-08-09 13:37:42',1,'http://think.5zyx.com/index.php/front/index/code/SH01000150553','2016-08-09 13:39:25');
INSERT INTO `product_batch_detail` VALUES (151,29,'2016-08-09','SH01000150554','1','2016-08-09 13:37:42',1,'http://think.5zyx.com/index.php/front/index/code/SH01000150554','2016-08-09 13:39:25');
INSERT INTO `product_batch_detail` VALUES (152,29,'2016-08-09','SH01000150555','1','2016-08-09 13:37:42',1,'http://think.5zyx.com/index.php/front/index/code/SH01000150555','2016-08-09 13:39:25');
INSERT INTO `product_batch_detail` VALUES (153,29,'2016-08-09','SH01000150556','1','2016-08-09 13:37:42',1,'http://think.5zyx.com/index.php/front/index/code/SH01000150556','2016-08-09 13:39:25');
INSERT INTO `product_batch_detail` VALUES (154,29,'2016-08-09','SH01000150557','1','2016-08-09 13:37:42',1,'http://think.5zyx.com/index.php/front/index/code/SH01000150557','2016-08-09 13:39:25');
INSERT INTO `product_batch_detail` VALUES (155,29,'2016-08-09','SH01000150558','1','2016-08-09 13:37:42',1,'http://think.5zyx.com/index.php/front/index/code/SH01000150558','2016-08-09 13:39:25');
INSERT INTO `product_batch_detail` VALUES (156,29,'2016-08-09','SH01000150559','1','2016-08-09 13:37:42',1,'http://think.5zyx.com/index.php/front/index/code/SH01000150559','2016-08-09 13:39:25');
INSERT INTO `product_batch_detail` VALUES (157,29,'2016-08-09','SH01000150560','1','2016-08-09 13:37:42',1,'http://think.5zyx.com/index.php/front/index/code/SH01000150560','2016-08-09 13:39:25');
INSERT INTO `product_batch_detail` VALUES (158,29,'2016-08-09','SH01000150561','1','2016-08-09 13:37:42',1,'http://think.5zyx.com/index.php/front/index/code/SH01000150561','2016-08-09 13:39:25');
INSERT INTO `product_batch_detail` VALUES (159,29,'2016-08-09','SH01000150562','1','2016-08-09 13:37:42',1,'http://think.5zyx.com/index.php/front/index/code/SH01000150562','2016-08-09 13:39:25');
INSERT INTO `product_batch_detail` VALUES (160,29,'2016-08-09','SH01000150563','1','2016-08-09 13:37:42',1,'http://think.5zyx.com/index.php/front/index/code/SH01000150563','2016-08-09 13:39:25');
INSERT INTO `product_batch_detail` VALUES (161,29,'2016-08-09','SH01000150564','1','2016-08-09 13:37:42',1,'http://think.5zyx.com/index.php/front/index/code/SH01000150564','2016-08-09 13:39:25');
INSERT INTO `product_batch_detail` VALUES (162,30,'2016-08-09','SH01000150565','1','2016-08-09 13:43:29',1,'http://think.5zyx.com/index.php/front/index/code/SH01000150565','2016-08-09 13:43:49');
INSERT INTO `product_batch_detail` VALUES (163,30,'2016-08-09','SH01000150566','1','2016-08-09 13:43:29',1,'http://think.5zyx.com/index.php/front/index/code/SH01000150566','2016-08-09 13:43:49');
INSERT INTO `product_batch_detail` VALUES (164,30,'2016-08-09','SH01000150567','1','2016-08-09 13:43:29',1,'http://think.5zyx.com/index.php/front/index/code/SH01000150567','2016-08-09 13:43:49');
INSERT INTO `product_batch_detail` VALUES (165,30,'2016-08-09','SH01000150568','1','2016-08-09 13:43:29',1,'http://think.5zyx.com/index.php/front/index/code/SH01000150568','2016-08-09 13:43:49');
INSERT INTO `product_batch_detail` VALUES (166,30,'2016-08-09','SH01000150569','1','2016-08-09 13:43:29',1,'http://think.5zyx.com/index.php/front/index/code/SH01000150569','2016-08-09 13:43:49');
INSERT INTO `product_batch_detail` VALUES (167,30,'2016-08-09','SH01000150570','1','2016-08-09 13:43:29',1,'http://think.5zyx.com/index.php/front/index/code/SH01000150570','2016-08-09 13:43:49');
INSERT INTO `product_batch_detail` VALUES (168,30,'2016-08-09','SH01000150571','1','2016-08-09 13:43:29',1,'http://think.5zyx.com/index.php/front/index/code/SH01000150571','2016-08-09 13:43:49');
INSERT INTO `product_batch_detail` VALUES (169,30,'2016-08-09','SH01000150572','1','2016-08-09 13:43:29',1,'http://think.5zyx.com/index.php/front/index/code/SH01000150572','2016-08-09 13:43:49');
INSERT INTO `product_batch_detail` VALUES (170,30,'2016-08-09','SH01000150573','1','2016-08-09 13:43:29',1,'http://think.5zyx.com/index.php/front/index/code/SH01000150573','2016-08-09 13:43:49');
INSERT INTO `product_batch_detail` VALUES (171,30,'2016-08-09','SH01000150574','1','2016-08-09 13:43:29',1,'http://think.5zyx.com/index.php/front/index/code/SH01000150574','2016-08-09 13:43:49');
INSERT INTO `product_batch_detail` VALUES (172,30,'2016-08-09','SH01000150575','1','2016-08-09 13:43:29',1,'http://think.5zyx.com/index.php/front/index/code/SH01000150575','2016-08-09 13:43:49');
INSERT INTO `product_batch_detail` VALUES (173,30,'2016-08-09','SH01000150576','1','2016-08-09 13:43:29',1,'http://think.5zyx.com/index.php/front/index/code/SH01000150576','2016-08-09 13:43:49');
INSERT INTO `product_batch_detail` VALUES (174,30,'2016-08-09','SH01000150577','1','2016-08-09 13:43:29',1,'http://think.5zyx.com/index.php/front/index/code/SH01000150577','2016-08-09 13:43:49');
INSERT INTO `product_batch_detail` VALUES (175,30,'2016-08-09','SH01000150578','1','2016-08-09 13:43:29',1,'http://think.5zyx.com/index.php/front/index/code/SH01000150578','2016-08-09 13:43:49');
INSERT INTO `product_batch_detail` VALUES (176,30,'2016-08-09','SH01000150579','1','2016-08-09 13:43:29',1,'http://think.5zyx.com/index.php/front/index/code/SH01000150579','2016-08-09 13:43:49');
INSERT INTO `product_batch_detail` VALUES (177,30,'2016-08-09','SH01000150580','1','2016-08-09 13:43:29',1,'http://think.5zyx.com/index.php/front/index/code/SH01000150580','2016-08-09 13:43:49');
INSERT INTO `product_batch_detail` VALUES (178,30,'2016-08-09','SH01000150581','1','2016-08-09 13:43:29',1,'http://think.5zyx.com/index.php/front/index/code/SH01000150581','2016-08-09 13:43:49');
INSERT INTO `product_batch_detail` VALUES (179,30,'2016-08-09','SH01000150582','1','2016-08-09 13:43:29',1,'http://think.5zyx.com/index.php/front/index/code/SH01000150582','2016-08-09 13:43:49');
INSERT INTO `product_batch_detail` VALUES (180,30,'2016-08-09','SH01000150583','1','2016-08-09 13:43:29',1,'http://think.5zyx.com/index.php/front/index/code/SH01000150583','2016-08-09 13:43:49');
INSERT INTO `product_batch_detail` VALUES (181,30,'2016-08-09','SH01000150584','1','2016-08-09 13:43:29',1,'http://think.5zyx.com/index.php/front/index/code/SH01000150584','2016-08-09 13:43:49');
INSERT INTO `product_batch_detail` VALUES (182,30,'2016-08-09','SH01000150585','1','2016-08-09 13:43:29',1,'http://think.5zyx.com/index.php/front/index/code/SH01000150585','2016-08-09 13:43:49');
INSERT INTO `product_batch_detail` VALUES (183,30,'2016-08-09','SH01000150586','1','2016-08-09 13:43:29',1,'http://think.5zyx.com/index.php/front/index/code/SH01000150586','2016-08-09 13:43:49');
INSERT INTO `product_batch_detail` VALUES (184,30,'2016-08-09','SH01000150587','1','2016-08-09 13:43:29',1,'http://think.5zyx.com/index.php/front/index/code/SH01000150587','2016-08-09 13:43:49');
INSERT INTO `product_batch_detail` VALUES (185,30,'2016-08-09','SH01000150588','1','2016-08-09 13:43:29',1,'http://think.5zyx.com/index.php/front/index/code/SH01000150588','2016-08-09 13:43:49');
INSERT INTO `product_batch_detail` VALUES (186,30,'2016-08-09','SH01000150589','1','2016-08-09 13:43:29',1,'http://think.5zyx.com/index.php/front/index/code/SH01000150589','2016-08-09 13:43:49');
INSERT INTO `product_batch_detail` VALUES (187,30,'2016-08-09','SH01000150590','1','2016-08-09 13:43:29',1,'http://think.5zyx.com/index.php/front/index/code/SH01000150590','2016-08-09 13:43:49');
INSERT INTO `product_batch_detail` VALUES (188,30,'2016-08-09','SH01000150591','1','2016-08-09 13:43:29',1,'http://think.5zyx.com/index.php/front/index/code/SH01000150591','2016-08-09 13:43:49');
INSERT INTO `product_batch_detail` VALUES (189,30,'2016-08-09','SH01000150592','1','2016-08-09 13:43:29',1,'http://think.5zyx.com/index.php/front/index/code/SH01000150592','2016-08-09 13:43:49');
INSERT INTO `product_batch_detail` VALUES (190,30,'2016-08-09','SH01000150593','1','2016-08-09 13:43:29',1,'http://think.5zyx.com/index.php/front/index/code/SH01000150593','2016-08-09 13:43:49');
INSERT INTO `product_batch_detail` VALUES (191,30,'2016-08-09','SH01000150594','1','2016-08-09 13:43:29',1,'http://think.5zyx.com/index.php/front/index/code/SH01000150594','2016-08-09 13:43:49');
INSERT INTO `product_batch_detail` VALUES (192,30,'2016-08-09','SH01000150595','1','2016-08-09 13:43:29',1,'http://think.5zyx.com/index.php/front/index/code/SH01000150595','2016-08-09 13:43:49');
INSERT INTO `product_batch_detail` VALUES (193,30,'2016-08-09','SH01000150596','1','2016-08-09 13:43:29',1,'http://think.5zyx.com/index.php/front/index/code/SH01000150596','2016-08-09 13:43:49');
INSERT INTO `product_batch_detail` VALUES (194,30,'2016-08-09','SH01000150597','1','2016-08-09 13:43:29',1,'http://think.5zyx.com/index.php/front/index/code/SH01000150597','2016-08-09 13:43:49');
INSERT INTO `product_batch_detail` VALUES (195,30,'2016-08-09','SH01000150598','1','2016-08-09 13:43:29',1,'http://think.5zyx.com/index.php/front/index/code/SH01000150598','2016-08-09 13:43:49');
INSERT INTO `product_batch_detail` VALUES (196,30,'2016-08-09','SH01000150599','1','2016-08-09 13:43:29',1,'http://think.5zyx.com/index.php/front/index/code/SH01000150599','2016-08-09 13:43:49');
INSERT INTO `product_batch_detail` VALUES (197,30,'2016-08-09','SH01000150600','1','2016-08-09 13:43:29',1,'http://think.5zyx.com/index.php/front/index/code/SH01000150600','2016-08-09 13:43:49');
INSERT INTO `product_batch_detail` VALUES (198,30,'2016-08-09','SH01000150601','1','2016-08-09 13:43:29',1,'http://think.5zyx.com/index.php/front/index/code/SH01000150601','2016-08-09 13:43:49');
INSERT INTO `product_batch_detail` VALUES (199,30,'2016-08-09','SH01000150602','1','2016-08-09 13:43:29',1,'http://think.5zyx.com/index.php/front/index/code/SH01000150602','2016-08-09 13:43:49');
INSERT INTO `product_batch_detail` VALUES (200,30,'2016-08-09','SH01000150603','1','2016-08-09 13:43:29',1,'http://think.5zyx.com/index.php/front/index/code/SH01000150603','2016-08-09 13:43:49');
INSERT INTO `product_batch_detail` VALUES (201,30,'2016-08-09','SH01000150604','1','2016-08-09 13:43:29',1,'http://think.5zyx.com/index.php/front/index/code/SH01000150604','2016-08-09 13:43:49');
INSERT INTO `product_batch_detail` VALUES (202,30,'2016-08-09','SH01000150605','1','2016-08-09 13:43:29',1,'http://think.5zyx.com/index.php/front/index/code/SH01000150605','2016-08-09 13:43:49');
INSERT INTO `product_batch_detail` VALUES (203,30,'2016-08-09','SH01000150606','1','2016-08-09 13:43:29',1,'http://think.5zyx.com/index.php/front/index/code/SH01000150606','2016-08-09 13:43:49');
INSERT INTO `product_batch_detail` VALUES (204,30,'2016-08-09','SH01000150607','1','2016-08-09 13:43:29',1,'http://think.5zyx.com/index.php/front/index/code/SH01000150607','2016-08-09 13:43:49');
INSERT INTO `product_batch_detail` VALUES (205,30,'2016-08-09','SH01000150608','1','2016-08-09 13:43:29',1,'http://think.5zyx.com/index.php/front/index/code/SH01000150608','2016-08-09 13:43:49');
INSERT INTO `product_batch_detail` VALUES (206,30,'2016-08-09','SH01000150609','1','2016-08-09 13:43:29',1,'http://think.5zyx.com/index.php/front/index/code/SH01000150609','2016-08-09 13:43:49');
INSERT INTO `product_batch_detail` VALUES (207,30,'2016-08-09','SH01000150610','1','2016-08-09 13:43:29',1,'http://think.5zyx.com/index.php/front/index/code/SH01000150610','2016-08-09 13:43:49');
INSERT INTO `product_batch_detail` VALUES (208,30,'2016-08-09','SH01000150611','1','2016-08-09 13:43:29',1,'http://think.5zyx.com/index.php/front/index/code/SH01000150611','2016-08-09 13:43:49');
INSERT INTO `product_batch_detail` VALUES (209,30,'2016-08-09','SH01000150612','1','2016-08-09 13:43:29',1,'http://think.5zyx.com/index.php/front/index/code/SH01000150612','2016-08-09 13:43:49');
INSERT INTO `product_batch_detail` VALUES (210,30,'2016-08-09','SH01000150613','1','2016-08-09 13:43:29',1,'http://think.5zyx.com/index.php/front/index/code/SH01000150613','2016-08-09 13:43:49');
INSERT INTO `product_batch_detail` VALUES (211,30,'2016-08-09','SH01000150614','1','2016-08-09 13:43:29',1,'http://think.5zyx.com/index.php/front/index/code/SH01000150614','2016-08-09 13:43:49');
INSERT INTO `product_batch_detail` VALUES (212,31,'2016-08-09','SH01000150615','1','2016-08-09 14:03:53',1,'http://think.5zyx.com/index.php/front/index/code/SH01000150615','2016-08-09 14:04:24');
INSERT INTO `product_batch_detail` VALUES (213,31,'2016-08-09','SH01000150616','1','2016-08-09 14:03:53',1,'http://think.5zyx.com/index.php/front/index/code/SH01000150616','2016-08-09 14:04:24');
INSERT INTO `product_batch_detail` VALUES (214,31,'2016-08-09','SH01000150617','1','2016-08-09 14:03:53',1,'http://think.5zyx.com/index.php/front/index/code/SH01000150617','2016-08-09 14:04:24');
INSERT INTO `product_batch_detail` VALUES (215,31,'2016-08-09','SH01000150618','1','2016-08-09 14:03:53',1,'http://think.5zyx.com/index.php/front/index/code/SH01000150618','2016-08-09 14:04:24');
INSERT INTO `product_batch_detail` VALUES (216,31,'2016-08-09','SH01000150619','1','2016-08-09 14:03:53',1,'http://think.5zyx.com/index.php/front/index/code/SH01000150619','2016-08-09 14:04:24');
INSERT INTO `product_batch_detail` VALUES (217,31,'2016-08-09','SH01000150620','1','2016-08-09 14:03:53',1,'http://think.5zyx.com/index.php/front/index/code/SH01000150620','2016-08-09 14:04:24');
INSERT INTO `product_batch_detail` VALUES (218,31,'2016-08-09','SH01000150621','1','2016-08-09 14:03:53',1,'http://think.5zyx.com/index.php/front/index/code/SH01000150621','2016-08-09 14:04:24');
INSERT INTO `product_batch_detail` VALUES (219,31,'2016-08-09','SH01000150622','1','2016-08-09 14:03:53',1,'http://think.5zyx.com/index.php/front/index/code/SH01000150622','2016-08-09 14:04:24');
INSERT INTO `product_batch_detail` VALUES (220,31,'2016-08-09','SH01000150623','1','2016-08-09 14:03:53',1,'http://think.5zyx.com/index.php/front/index/code/SH01000150623','2016-08-09 14:04:24');
INSERT INTO `product_batch_detail` VALUES (221,31,'2016-08-09','SH01000150624','1','2016-08-09 14:03:53',1,'http://think.5zyx.com/index.php/front/index/code/SH01000150624','2016-08-09 14:04:24');
INSERT INTO `product_batch_detail` VALUES (222,31,'2016-08-09','SH01000150625','1','2016-08-09 14:03:53',1,'http://think.5zyx.com/index.php/front/index/code/SH01000150625','2016-08-09 14:04:24');
INSERT INTO `product_batch_detail` VALUES (223,31,'2016-08-09','SH01000150626','1','2016-08-09 14:03:53',1,'http://think.5zyx.com/index.php/front/index/code/SH01000150626','2016-08-09 14:04:24');
INSERT INTO `product_batch_detail` VALUES (224,31,'2016-08-09','SH01000150627','1','2016-08-09 14:03:53',1,'http://think.5zyx.com/index.php/front/index/code/SH01000150627','2016-08-09 14:04:24');
INSERT INTO `product_batch_detail` VALUES (225,31,'2016-08-09','SH01000150628','1','2016-08-09 14:03:53',1,'http://think.5zyx.com/index.php/front/index/code/SH01000150628','2016-08-09 14:04:24');
INSERT INTO `product_batch_detail` VALUES (226,31,'2016-08-09','SH01000150629','1','2016-08-09 14:03:53',1,'http://think.5zyx.com/index.php/front/index/code/SH01000150629','2016-08-09 14:04:24');
INSERT INTO `product_batch_detail` VALUES (227,31,'2016-08-09','SH01000150630','1','2016-08-09 14:03:53',1,'http://think.5zyx.com/index.php/front/index/code/SH01000150630','2016-08-09 14:04:24');
INSERT INTO `product_batch_detail` VALUES (228,31,'2016-08-09','SH01000150631','1','2016-08-09 14:03:53',1,'http://think.5zyx.com/index.php/front/index/code/SH01000150631','2016-08-09 14:04:24');
INSERT INTO `product_batch_detail` VALUES (229,31,'2016-08-09','SH01000150632','1','2016-08-09 14:03:53',1,'http://think.5zyx.com/index.php/front/index/code/SH01000150632','2016-08-09 14:04:24');
INSERT INTO `product_batch_detail` VALUES (230,31,'2016-08-09','SH01000150633','1','2016-08-09 14:03:53',1,'http://think.5zyx.com/index.php/front/index/code/SH01000150633','2016-08-09 14:04:24');
INSERT INTO `product_batch_detail` VALUES (231,31,'2016-08-09','SH01000150634','1','2016-08-09 14:03:53',1,'http://think.5zyx.com/index.php/front/index/code/SH01000150634','2016-08-09 14:04:24');
INSERT INTO `product_batch_detail` VALUES (232,31,'2016-08-09','SH01000150635','1','2016-08-09 14:03:53',1,'http://think.5zyx.com/index.php/front/index/code/SH01000150635','2016-08-09 14:04:24');
INSERT INTO `product_batch_detail` VALUES (233,31,'2016-08-09','SH01000150636','1','2016-08-09 14:03:53',1,'http://think.5zyx.com/index.php/front/index/code/SH01000150636','2016-08-09 14:04:24');
INSERT INTO `product_batch_detail` VALUES (234,31,'2016-08-09','SH01000150637','1','2016-08-09 14:03:53',1,'http://think.5zyx.com/index.php/front/index/code/SH01000150637','2016-08-09 14:04:24');
INSERT INTO `product_batch_detail` VALUES (235,31,'2016-08-09','SH01000150638','1','2016-08-09 14:03:53',1,'http://think.5zyx.com/index.php/front/index/code/SH01000150638','2016-08-09 14:04:24');
INSERT INTO `product_batch_detail` VALUES (236,31,'2016-08-09','SH01000150639','1','2016-08-09 14:03:53',1,'http://think.5zyx.com/index.php/front/index/code/SH01000150639','2016-08-09 14:04:24');
INSERT INTO `product_batch_detail` VALUES (237,31,'2016-08-09','SH01000150640','1','2016-08-09 14:03:53',1,'http://think.5zyx.com/index.php/front/index/code/SH01000150640','2016-08-09 14:04:24');
INSERT INTO `product_batch_detail` VALUES (238,31,'2016-08-09','SH01000150641','1','2016-08-09 14:03:53',1,'http://think.5zyx.com/index.php/front/index/code/SH01000150641','2016-08-09 14:04:24');
INSERT INTO `product_batch_detail` VALUES (239,31,'2016-08-09','SH01000150642','1','2016-08-09 14:03:53',1,'http://think.5zyx.com/index.php/front/index/code/SH01000150642','2016-08-09 14:04:24');
INSERT INTO `product_batch_detail` VALUES (240,31,'2016-08-09','SH01000150643','1','2016-08-09 14:03:53',1,'http://think.5zyx.com/index.php/front/index/code/SH01000150643','2016-08-09 14:04:24');
INSERT INTO `product_batch_detail` VALUES (241,31,'2016-08-09','SH01000150644','1','2016-08-09 14:03:53',1,'http://think.5zyx.com/index.php/front/index/code/SH01000150644','2016-08-09 14:04:24');
INSERT INTO `product_batch_detail` VALUES (242,31,'2016-08-09','SH01000150645','1','2016-08-09 14:03:53',1,'http://think.5zyx.com/index.php/front/index/code/SH01000150645','2016-08-09 14:04:24');
INSERT INTO `product_batch_detail` VALUES (243,31,'2016-08-09','SH01000150646','1','2016-08-09 14:03:53',1,'http://think.5zyx.com/index.php/front/index/code/SH01000150646','2016-08-09 14:04:24');
INSERT INTO `product_batch_detail` VALUES (244,31,'2016-08-09','SH01000150647','1','2016-08-09 14:03:53',1,'http://think.5zyx.com/index.php/front/index/code/SH01000150647','2016-08-09 14:04:24');
INSERT INTO `product_batch_detail` VALUES (245,31,'2016-08-09','SH01000150648','1','2016-08-09 14:03:53',1,'http://think.5zyx.com/index.php/front/index/code/SH01000150648','2016-08-09 14:04:24');
INSERT INTO `product_batch_detail` VALUES (246,31,'2016-08-09','SH01000150649','1','2016-08-09 14:03:53',1,'http://think.5zyx.com/index.php/front/index/code/SH01000150649','2016-08-09 14:04:24');
INSERT INTO `product_batch_detail` VALUES (247,31,'2016-08-09','SH01000150650','1','2016-08-09 14:03:53',1,'http://think.5zyx.com/index.php/front/index/code/SH01000150650','2016-08-09 14:04:24');
INSERT INTO `product_batch_detail` VALUES (248,31,'2016-08-09','SH01000150651','1','2016-08-09 14:03:53',1,'http://think.5zyx.com/index.php/front/index/code/SH01000150651','2016-08-09 14:04:24');
INSERT INTO `product_batch_detail` VALUES (249,31,'2016-08-09','SH01000150652','1','2016-08-09 14:03:53',1,'http://think.5zyx.com/index.php/front/index/code/SH01000150652','2016-08-09 14:04:24');
INSERT INTO `product_batch_detail` VALUES (250,31,'2016-08-09','SH01000150653','1','2016-08-09 14:03:53',1,'http://think.5zyx.com/index.php/front/index/code/SH01000150653','2016-08-09 14:04:24');
INSERT INTO `product_batch_detail` VALUES (251,31,'2016-08-09','SH01000150654','1','2016-08-09 14:03:53',1,'http://think.5zyx.com/index.php/front/index/code/SH01000150654','2016-08-09 14:04:24');
INSERT INTO `product_batch_detail` VALUES (252,31,'2016-08-09','SH01000150655','1','2016-08-09 14:03:53',1,'http://think.5zyx.com/index.php/front/index/code/SH01000150655','2016-08-09 14:04:24');
INSERT INTO `product_batch_detail` VALUES (253,31,'2016-08-09','SH01000150656','1','2016-08-09 14:03:53',1,'http://think.5zyx.com/index.php/front/index/code/SH01000150656','2016-08-09 14:04:24');
INSERT INTO `product_batch_detail` VALUES (254,31,'2016-08-09','SH01000150657','1','2016-08-09 14:03:53',1,'http://think.5zyx.com/index.php/front/index/code/SH01000150657','2016-08-09 14:04:24');
INSERT INTO `product_batch_detail` VALUES (255,31,'2016-08-09','SH01000150658','1','2016-08-09 14:03:53',1,'http://think.5zyx.com/index.php/front/index/code/SH01000150658','2016-08-09 14:04:24');
INSERT INTO `product_batch_detail` VALUES (256,31,'2016-08-09','SH01000150659','1','2016-08-09 14:03:53',1,'http://think.5zyx.com/index.php/front/index/code/SH01000150659','2016-08-09 14:04:24');
INSERT INTO `product_batch_detail` VALUES (257,31,'2016-08-09','SH01000150660','1','2016-08-09 14:03:53',1,'http://think.5zyx.com/index.php/front/index/code/SH01000150660','2016-08-09 14:04:24');
INSERT INTO `product_batch_detail` VALUES (258,31,'2016-08-09','SH01000150661','1','2016-08-09 14:03:53',1,'http://think.5zyx.com/index.php/front/index/code/SH01000150661','2016-08-09 14:04:24');
INSERT INTO `product_batch_detail` VALUES (259,31,'2016-08-09','SH01000150662','1','2016-08-09 14:03:53',1,'http://think.5zyx.com/index.php/front/index/code/SH01000150662','2016-08-09 14:04:24');
INSERT INTO `product_batch_detail` VALUES (260,31,'2016-08-09','SH01000150663','1','2016-08-09 14:03:53',1,'http://think.5zyx.com/index.php/front/index/code/SH01000150663','2016-08-09 14:04:24');
INSERT INTO `product_batch_detail` VALUES (261,31,'2016-08-09','SH01000150664','1','2016-08-09 14:03:53',1,'http://think.5zyx.com/index.php/front/index/code/SH01000150664','2016-08-09 14:04:24');
INSERT INTO `product_batch_detail` VALUES (262,32,'2016-08-09','SH01000150665','1','2016-08-09 14:10:56',1,'http://think.5zyx.com/index.php/front/index/code/SH01000150665','2016-08-09 14:11:18');
INSERT INTO `product_batch_detail` VALUES (263,32,'2016-08-09','SH01000150666','1','2016-08-09 14:10:56',1,'http://think.5zyx.com/index.php/front/index/code/SH01000150666','2016-08-09 14:11:18');
INSERT INTO `product_batch_detail` VALUES (264,32,'2016-08-09','SH01000150667','1','2016-08-09 14:10:56',1,'http://think.5zyx.com/index.php/front/index/code/SH01000150667','2016-08-09 14:11:18');
INSERT INTO `product_batch_detail` VALUES (265,32,'2016-08-09','SH01000150668','1','2016-08-09 14:10:56',1,'http://think.5zyx.com/index.php/front/index/code/SH01000150668','2016-08-09 14:11:18');
INSERT INTO `product_batch_detail` VALUES (266,32,'2016-08-09','SH01000150669','1','2016-08-09 14:10:56',1,'http://think.5zyx.com/index.php/front/index/code/SH01000150669','2016-08-09 14:11:18');
INSERT INTO `product_batch_detail` VALUES (267,32,'2016-08-09','SH01000150670','1','2016-08-09 14:10:56',1,'http://think.5zyx.com/index.php/front/index/code/SH01000150670','2016-08-09 14:11:18');
INSERT INTO `product_batch_detail` VALUES (268,32,'2016-08-09','SH01000150671','1','2016-08-09 14:10:56',1,'http://think.5zyx.com/index.php/front/index/code/SH01000150671','2016-08-09 14:11:18');
INSERT INTO `product_batch_detail` VALUES (269,32,'2016-08-09','SH01000150672','1','2016-08-09 14:10:56',1,'http://think.5zyx.com/index.php/front/index/code/SH01000150672','2016-08-09 14:11:18');
INSERT INTO `product_batch_detail` VALUES (270,32,'2016-08-09','SH01000150673','1','2016-08-09 14:10:56',1,'http://think.5zyx.com/index.php/front/index/code/SH01000150673','2016-08-09 14:11:18');
INSERT INTO `product_batch_detail` VALUES (271,32,'2016-08-09','SH01000150674','1','2016-08-09 14:10:56',1,'http://think.5zyx.com/index.php/front/index/code/SH01000150674','2016-08-09 14:11:18');
INSERT INTO `product_batch_detail` VALUES (272,32,'2016-08-09','SH01000150675','1','2016-08-09 14:10:56',1,'http://think.5zyx.com/index.php/front/index/code/SH01000150675','2016-08-09 14:11:18');
INSERT INTO `product_batch_detail` VALUES (273,32,'2016-08-09','SH01000150676','1','2016-08-09 14:10:56',1,'http://think.5zyx.com/index.php/front/index/code/SH01000150676','2016-08-09 14:11:18');
INSERT INTO `product_batch_detail` VALUES (274,32,'2016-08-09','SH01000150677','1','2016-08-09 14:10:56',1,'http://think.5zyx.com/index.php/front/index/code/SH01000150677','2016-08-09 14:11:18');
INSERT INTO `product_batch_detail` VALUES (275,32,'2016-08-09','SH01000150678','1','2016-08-09 14:10:56',1,'http://think.5zyx.com/index.php/front/index/code/SH01000150678','2016-08-09 14:11:18');
INSERT INTO `product_batch_detail` VALUES (276,32,'2016-08-09','SH01000150679','1','2016-08-09 14:10:56',1,'http://think.5zyx.com/index.php/front/index/code/SH01000150679','2016-08-09 14:11:18');
INSERT INTO `product_batch_detail` VALUES (277,32,'2016-08-09','SH01000150680','1','2016-08-09 14:10:56',1,'http://think.5zyx.com/index.php/front/index/code/SH01000150680','2016-08-09 14:11:18');
INSERT INTO `product_batch_detail` VALUES (278,32,'2016-08-09','SH01000150681','1','2016-08-09 14:10:56',1,'http://think.5zyx.com/index.php/front/index/code/SH01000150681','2016-08-09 14:11:18');
INSERT INTO `product_batch_detail` VALUES (279,32,'2016-08-09','SH01000150682','1','2016-08-09 14:10:56',1,'http://think.5zyx.com/index.php/front/index/code/SH01000150682','2016-08-09 14:11:18');
INSERT INTO `product_batch_detail` VALUES (280,32,'2016-08-09','SH01000150683','1','2016-08-09 14:10:56',1,'http://think.5zyx.com/index.php/front/index/code/SH01000150683','2016-08-09 14:11:18');
INSERT INTO `product_batch_detail` VALUES (281,32,'2016-08-09','SH01000150684','1','2016-08-09 14:10:56',1,'http://think.5zyx.com/index.php/front/index/code/SH01000150684','2016-08-09 14:11:18');
INSERT INTO `product_batch_detail` VALUES (282,32,'2016-08-09','SH01000150685','1','2016-08-09 14:10:56',1,'http://think.5zyx.com/index.php/front/index/code/SH01000150685','2016-08-09 14:11:18');
INSERT INTO `product_batch_detail` VALUES (283,32,'2016-08-09','SH01000150686','1','2016-08-09 14:10:56',1,'http://think.5zyx.com/index.php/front/index/code/SH01000150686','2016-08-09 14:11:18');
INSERT INTO `product_batch_detail` VALUES (284,32,'2016-08-09','SH01000150687','1','2016-08-09 14:10:56',1,'http://think.5zyx.com/index.php/front/index/code/SH01000150687','2016-08-09 14:11:18');
INSERT INTO `product_batch_detail` VALUES (285,32,'2016-08-09','SH01000150688','1','2016-08-09 14:10:56',1,'http://think.5zyx.com/index.php/front/index/code/SH01000150688','2016-08-09 14:11:18');
INSERT INTO `product_batch_detail` VALUES (286,32,'2016-08-09','SH01000150689','1','2016-08-09 14:10:56',1,'http://think.5zyx.com/index.php/front/index/code/SH01000150689','2016-08-09 14:11:18');
INSERT INTO `product_batch_detail` VALUES (287,32,'2016-08-09','SH01000150690','1','2016-08-09 14:10:56',1,'http://think.5zyx.com/index.php/front/index/code/SH01000150690','2016-08-09 14:11:18');
INSERT INTO `product_batch_detail` VALUES (288,32,'2016-08-09','SH01000150691','1','2016-08-09 14:10:56',1,'http://think.5zyx.com/index.php/front/index/code/SH01000150691','2016-08-09 14:11:18');
INSERT INTO `product_batch_detail` VALUES (289,32,'2016-08-09','SH01000150692','1','2016-08-09 14:10:56',1,'http://think.5zyx.com/index.php/front/index/code/SH01000150692','2016-08-09 14:11:18');
INSERT INTO `product_batch_detail` VALUES (290,32,'2016-08-09','SH01000150693','1','2016-08-09 14:10:56',1,'http://think.5zyx.com/index.php/front/index/code/SH01000150693','2016-08-09 14:11:18');
INSERT INTO `product_batch_detail` VALUES (291,32,'2016-08-09','SH01000150694','1','2016-08-09 14:10:56',1,'http://think.5zyx.com/index.php/front/index/code/SH01000150694','2016-08-09 14:11:18');
INSERT INTO `product_batch_detail` VALUES (292,32,'2016-08-09','SH01000150695','1','2016-08-09 14:10:56',1,'http://think.5zyx.com/index.php/front/index/code/SH01000150695','2016-08-09 14:11:18');
INSERT INTO `product_batch_detail` VALUES (293,32,'2016-08-09','SH01000150696','1','2016-08-09 14:10:56',1,'http://think.5zyx.com/index.php/front/index/code/SH01000150696','2016-08-09 14:11:18');
INSERT INTO `product_batch_detail` VALUES (294,32,'2016-08-09','SH01000150697','1','2016-08-09 14:10:56',1,'http://think.5zyx.com/index.php/front/index/code/SH01000150697','2016-08-09 14:11:18');
INSERT INTO `product_batch_detail` VALUES (295,32,'2016-08-09','SH01000150698','1','2016-08-09 14:10:56',1,'http://think.5zyx.com/index.php/front/index/code/SH01000150698','2016-08-09 14:11:18');
INSERT INTO `product_batch_detail` VALUES (296,32,'2016-08-09','SH01000150699','1','2016-08-09 14:10:56',1,'http://think.5zyx.com/index.php/front/index/code/SH01000150699','2016-08-09 14:11:18');
INSERT INTO `product_batch_detail` VALUES (297,32,'2016-08-09','SH01000150700','1','2016-08-09 14:10:56',1,'http://think.5zyx.com/index.php/front/index/code/SH01000150700','2016-08-09 14:11:18');
INSERT INTO `product_batch_detail` VALUES (298,32,'2016-08-09','SH01000150701','1','2016-08-09 14:10:56',1,'http://think.5zyx.com/index.php/front/index/code/SH01000150701','2016-08-09 14:11:18');
INSERT INTO `product_batch_detail` VALUES (299,32,'2016-08-09','SH01000150702','1','2016-08-09 14:10:56',1,'http://think.5zyx.com/index.php/front/index/code/SH01000150702','2016-08-09 14:11:18');
INSERT INTO `product_batch_detail` VALUES (300,32,'2016-08-09','SH01000150703','1','2016-08-09 14:10:56',1,'http://think.5zyx.com/index.php/front/index/code/SH01000150703','2016-08-09 14:11:18');
INSERT INTO `product_batch_detail` VALUES (301,32,'2016-08-09','SH01000150704','1','2016-08-09 14:10:56',1,'http://think.5zyx.com/index.php/front/index/code/SH01000150704','2016-08-09 14:11:18');
INSERT INTO `product_batch_detail` VALUES (302,32,'2016-08-09','SH01000150705','1','2016-08-09 14:10:56',1,'http://think.5zyx.com/index.php/front/index/code/SH01000150705','2016-08-09 14:11:18');
INSERT INTO `product_batch_detail` VALUES (303,32,'2016-08-09','SH01000150706','1','2016-08-09 14:10:56',1,'http://think.5zyx.com/index.php/front/index/code/SH01000150706','2016-08-09 14:11:18');
INSERT INTO `product_batch_detail` VALUES (304,32,'2016-08-09','SH01000150707','1','2016-08-09 14:10:56',1,'http://think.5zyx.com/index.php/front/index/code/SH01000150707','2016-08-09 14:11:18');
INSERT INTO `product_batch_detail` VALUES (305,32,'2016-08-09','SH01000150708','1','2016-08-09 14:10:56',1,'http://think.5zyx.com/index.php/front/index/code/SH01000150708','2016-08-09 14:11:18');
INSERT INTO `product_batch_detail` VALUES (306,32,'2016-08-09','SH01000150709','1','2016-08-09 14:10:56',1,'http://think.5zyx.com/index.php/front/index/code/SH01000150709','2016-08-09 14:11:18');
INSERT INTO `product_batch_detail` VALUES (307,32,'2016-08-09','SH01000150710','1','2016-08-09 14:10:56',1,'http://think.5zyx.com/index.php/front/index/code/SH01000150710','2016-08-09 14:11:18');
INSERT INTO `product_batch_detail` VALUES (308,32,'2016-08-09','SH01000150711','1','2016-08-09 14:10:56',1,'http://think.5zyx.com/index.php/front/index/code/SH01000150711','2016-08-09 14:11:18');
INSERT INTO `product_batch_detail` VALUES (309,32,'2016-08-09','SH01000150712','1','2016-08-09 14:10:56',1,'http://think.5zyx.com/index.php/front/index/code/SH01000150712','2016-08-09 14:11:18');
INSERT INTO `product_batch_detail` VALUES (310,32,'2016-08-09','SH01000150713','1','2016-08-09 14:10:56',1,'http://think.5zyx.com/index.php/front/index/code/SH01000150713','2016-08-09 14:11:18');
INSERT INTO `product_batch_detail` VALUES (311,32,'2016-08-09','SH01000150714','1','2016-08-09 14:10:56',1,'http://think.5zyx.com/index.php/front/index/code/SH01000150714','2016-08-09 14:11:18');
INSERT INTO `product_batch_detail` VALUES (312,32,'2016-08-09','SH01000150715','1','2016-08-09 14:10:56',1,'http://think.5zyx.com/index.php/front/index/code/SH01000150715','2016-08-09 14:11:18');
INSERT INTO `product_batch_detail` VALUES (313,32,'2016-08-09','SH01000150716','1','2016-08-09 14:10:56',1,'http://think.5zyx.com/index.php/front/index/code/SH01000150716','2016-08-09 14:11:18');
INSERT INTO `product_batch_detail` VALUES (314,32,'2016-08-09','SH01000150717','1','2016-08-09 14:10:56',1,'http://think.5zyx.com/index.php/front/index/code/SH01000150717','2016-08-09 14:11:18');
INSERT INTO `product_batch_detail` VALUES (315,32,'2016-08-09','SH01000150718','1','2016-08-09 14:10:56',1,'http://think.5zyx.com/index.php/front/index/code/SH01000150718','2016-08-09 14:11:18');
INSERT INTO `product_batch_detail` VALUES (316,32,'2016-08-09','SH01000150719','1','2016-08-09 14:10:56',1,'http://think.5zyx.com/index.php/front/index/code/SH01000150719','2016-08-09 14:11:18');
INSERT INTO `product_batch_detail` VALUES (317,32,'2016-08-09','SH01000150720','1','2016-08-09 14:10:56',1,'http://think.5zyx.com/index.php/front/index/code/SH01000150720','2016-08-09 14:11:18');
INSERT INTO `product_batch_detail` VALUES (318,32,'2016-08-09','SH01000150721','1','2016-08-09 14:10:56',1,'http://think.5zyx.com/index.php/front/index/code/SH01000150721','2016-08-09 14:11:18');
INSERT INTO `product_batch_detail` VALUES (319,32,'2016-08-09','SH01000150722','1','2016-08-09 14:10:56',1,'http://think.5zyx.com/index.php/front/index/code/SH01000150722','2016-08-09 14:11:18');
INSERT INTO `product_batch_detail` VALUES (320,32,'2016-08-09','SH01000150723','1','2016-08-09 14:10:56',1,'http://think.5zyx.com/index.php/front/index/code/SH01000150723','2016-08-09 14:11:18');
INSERT INTO `product_batch_detail` VALUES (321,32,'2016-08-09','SH01000150724','1','2016-08-09 14:10:56',1,'http://think.5zyx.com/index.php/front/index/code/SH01000150724','2016-08-09 14:11:18');
INSERT INTO `product_batch_detail` VALUES (322,32,'2016-08-09','SH01000150725','1','2016-08-09 14:10:56',1,'http://think.5zyx.com/index.php/front/index/code/SH01000150725','2016-08-09 14:11:18');
INSERT INTO `product_batch_detail` VALUES (323,32,'2016-08-09','SH01000150726','1','2016-08-09 14:10:56',1,'http://think.5zyx.com/index.php/front/index/code/SH01000150726','2016-08-09 14:11:18');
INSERT INTO `product_batch_detail` VALUES (324,32,'2016-08-09','SH01000150727','1','2016-08-09 14:10:56',1,'http://think.5zyx.com/index.php/front/index/code/SH01000150727','2016-08-09 14:11:18');
INSERT INTO `product_batch_detail` VALUES (325,32,'2016-08-09','SH01000150728','1','2016-08-09 14:10:56',1,'http://think.5zyx.com/index.php/front/index/code/SH01000150728','2016-08-09 14:11:18');
INSERT INTO `product_batch_detail` VALUES (326,32,'2016-08-09','SH01000150729','1','2016-08-09 14:10:56',1,'http://think.5zyx.com/index.php/front/index/code/SH01000150729','2016-08-09 14:11:18');
INSERT INTO `product_batch_detail` VALUES (327,32,'2016-08-09','SH01000150730','1','2016-08-09 14:10:56',1,'http://think.5zyx.com/index.php/front/index/code/SH01000150730','2016-08-09 14:11:18');
INSERT INTO `product_batch_detail` VALUES (328,32,'2016-08-09','SH01000150731','1','2016-08-09 14:10:56',1,'http://think.5zyx.com/index.php/front/index/code/SH01000150731','2016-08-09 14:11:18');
INSERT INTO `product_batch_detail` VALUES (329,32,'2016-08-09','SH01000150732','1','2016-08-09 14:10:57',1,'http://think.5zyx.com/index.php/front/index/code/SH01000150732','2016-08-09 14:11:18');
INSERT INTO `product_batch_detail` VALUES (330,32,'2016-08-09','SH01000150733','1','2016-08-09 14:10:57',1,'http://think.5zyx.com/index.php/front/index/code/SH01000150733','2016-08-09 14:11:18');
INSERT INTO `product_batch_detail` VALUES (331,32,'2016-08-09','SH01000150734','1','2016-08-09 14:10:57',1,'http://think.5zyx.com/index.php/front/index/code/SH01000150734','2016-08-09 14:11:18');
INSERT INTO `product_batch_detail` VALUES (332,32,'2016-08-09','SH01000150735','1','2016-08-09 14:10:57',1,'http://think.5zyx.com/index.php/front/index/code/SH01000150735','2016-08-09 14:11:18');
INSERT INTO `product_batch_detail` VALUES (333,32,'2016-08-09','SH01000150736','1','2016-08-09 14:10:57',1,'http://think.5zyx.com/index.php/front/index/code/SH01000150736','2016-08-09 14:11:18');
INSERT INTO `product_batch_detail` VALUES (334,32,'2016-08-09','SH01000150737','1','2016-08-09 14:10:57',1,'http://think.5zyx.com/index.php/front/index/code/SH01000150737','2016-08-09 14:11:18');
INSERT INTO `product_batch_detail` VALUES (335,32,'2016-08-09','SH01000150738','1','2016-08-09 14:10:57',1,'http://think.5zyx.com/index.php/front/index/code/SH01000150738','2016-08-09 14:11:18');
INSERT INTO `product_batch_detail` VALUES (336,32,'2016-08-09','SH01000150739','1','2016-08-09 14:10:57',1,'http://think.5zyx.com/index.php/front/index/code/SH01000150739','2016-08-09 14:11:18');
INSERT INTO `product_batch_detail` VALUES (337,32,'2016-08-09','SH01000150740','1','2016-08-09 14:10:57',1,'http://think.5zyx.com/index.php/front/index/code/SH01000150740','2016-08-09 14:11:18');
INSERT INTO `product_batch_detail` VALUES (338,32,'2016-08-09','SH01000150741','1','2016-08-09 14:10:57',1,'http://think.5zyx.com/index.php/front/index/code/SH01000150741','2016-08-09 14:11:18');
INSERT INTO `product_batch_detail` VALUES (339,32,'2016-08-09','SH01000150742','1','2016-08-09 14:10:57',1,'http://think.5zyx.com/index.php/front/index/code/SH01000150742','2016-08-09 14:11:18');
INSERT INTO `product_batch_detail` VALUES (340,32,'2016-08-09','SH01000150743','1','2016-08-09 14:10:57',1,'http://think.5zyx.com/index.php/front/index/code/SH01000150743','2016-08-09 14:11:18');
INSERT INTO `product_batch_detail` VALUES (341,32,'2016-08-09','SH01000150744','1','2016-08-09 14:10:57',1,'http://think.5zyx.com/index.php/front/index/code/SH01000150744','2016-08-09 14:11:18');
INSERT INTO `product_batch_detail` VALUES (342,32,'2016-08-09','SH01000150745','1','2016-08-09 14:10:57',1,'http://think.5zyx.com/index.php/front/index/code/SH01000150745','2016-08-09 14:11:18');
INSERT INTO `product_batch_detail` VALUES (343,32,'2016-08-09','SH01000150746','1','2016-08-09 14:10:57',1,'http://think.5zyx.com/index.php/front/index/code/SH01000150746','2016-08-09 14:11:18');
INSERT INTO `product_batch_detail` VALUES (344,32,'2016-08-09','SH01000150747','1','2016-08-09 14:10:57',1,'http://think.5zyx.com/index.php/front/index/code/SH01000150747','2016-08-09 14:11:18');
INSERT INTO `product_batch_detail` VALUES (345,32,'2016-08-09','SH01000150748','1','2016-08-09 14:10:57',1,'http://think.5zyx.com/index.php/front/index/code/SH01000150748','2016-08-09 14:11:18');
INSERT INTO `product_batch_detail` VALUES (346,32,'2016-08-09','SH01000150749','1','2016-08-09 14:10:57',1,'http://think.5zyx.com/index.php/front/index/code/SH01000150749','2016-08-09 14:11:18');
INSERT INTO `product_batch_detail` VALUES (347,32,'2016-08-09','SH01000150750','1','2016-08-09 14:10:57',1,'http://think.5zyx.com/index.php/front/index/code/SH01000150750','2016-08-09 14:11:18');
INSERT INTO `product_batch_detail` VALUES (348,32,'2016-08-09','SH01000150751','1','2016-08-09 14:10:57',1,'http://think.5zyx.com/index.php/front/index/code/SH01000150751','2016-08-09 14:11:18');
INSERT INTO `product_batch_detail` VALUES (349,32,'2016-08-09','SH01000150752','1','2016-08-09 14:10:57',1,'http://think.5zyx.com/index.php/front/index/code/SH01000150752','2016-08-09 14:11:18');
INSERT INTO `product_batch_detail` VALUES (350,32,'2016-08-09','SH01000150753','1','2016-08-09 14:10:57',1,'http://think.5zyx.com/index.php/front/index/code/SH01000150753','2016-08-09 14:11:18');
INSERT INTO `product_batch_detail` VALUES (351,32,'2016-08-09','SH01000150754','1','2016-08-09 14:10:57',1,'http://think.5zyx.com/index.php/front/index/code/SH01000150754','2016-08-09 14:11:18');
INSERT INTO `product_batch_detail` VALUES (352,32,'2016-08-09','SH01000150755','1','2016-08-09 14:10:57',1,'http://think.5zyx.com/index.php/front/index/code/SH01000150755','2016-08-09 14:11:18');
INSERT INTO `product_batch_detail` VALUES (353,32,'2016-08-09','SH01000150756','1','2016-08-09 14:10:57',1,'http://think.5zyx.com/index.php/front/index/code/SH01000150756','2016-08-09 14:11:18');
INSERT INTO `product_batch_detail` VALUES (354,32,'2016-08-09','SH01000150757','1','2016-08-09 14:10:57',1,'http://think.5zyx.com/index.php/front/index/code/SH01000150757','2016-08-09 14:11:18');
INSERT INTO `product_batch_detail` VALUES (355,32,'2016-08-09','SH01000150758','1','2016-08-09 14:10:57',1,'http://think.5zyx.com/index.php/front/index/code/SH01000150758','2016-08-09 14:11:18');
INSERT INTO `product_batch_detail` VALUES (356,32,'2016-08-09','SH01000150759','1','2016-08-09 14:10:57',1,'http://think.5zyx.com/index.php/front/index/code/SH01000150759','2016-08-09 14:11:18');
INSERT INTO `product_batch_detail` VALUES (357,32,'2016-08-09','SH01000150760','1','2016-08-09 14:10:57',1,'http://think.5zyx.com/index.php/front/index/code/SH01000150760','2016-08-09 14:11:18');
INSERT INTO `product_batch_detail` VALUES (358,32,'2016-08-09','SH01000150761','1','2016-08-09 14:10:57',1,'http://think.5zyx.com/index.php/front/index/code/SH01000150761','2016-08-09 14:11:18');
INSERT INTO `product_batch_detail` VALUES (359,32,'2016-08-09','SH01000150762','1','2016-08-09 14:10:57',1,'http://think.5zyx.com/index.php/front/index/code/SH01000150762','2016-08-09 14:11:18');
INSERT INTO `product_batch_detail` VALUES (360,32,'2016-08-09','SH01000150763','1','2016-08-09 14:10:57',1,'http://think.5zyx.com/index.php/front/index/code/SH01000150763','2016-08-09 14:11:18');
INSERT INTO `product_batch_detail` VALUES (361,32,'2016-08-09','SH01000150764','1','2016-08-09 14:10:57',1,'http://think.5zyx.com/index.php/front/index/code/SH01000150764','2016-08-09 14:11:18');
/*!40000 ALTER TABLE `product_batch_detail` ENABLE KEYS */;
UNLOCK TABLES;

#
# Source for table product_batch_tb
#

DROP TABLE IF EXISTS `product_batch_tb`;
CREATE TABLE `product_batch_tb` (
  `id` int(10) unsigned NOT NULL AUTO_INCREMENT COMMENT 'ID',
  `batch_num` varchar(255) DEFAULT NULL COMMENT '批次号',
  `tag_name` varchar(50) DEFAULT NULL COMMENT '模板name',
  `depot_id` int(11) DEFAULT NULL COMMENT '公司ID',
  `product_id` int(11) DEFAULT NULL COMMENT '商品ID',
  `number` int(11) DEFAULT NULL COMMENT '该批次数量',
  `print_number` int(11) DEFAULT NULL COMMENT '已经打印数量',
  `create_time` datetime DEFAULT NULL COMMENT '打印时间',
  `admin_id` int(11) DEFAULT NULL COMMENT '操作人ID',
  `gs_name` varchar(50) DEFAULT NULL COMMENT '公司名称',
  PRIMARY KEY (`id`),
  KEY `batch_num` (`batch_num`)
) ENGINE=InnoDB AUTO_INCREMENT=21 DEFAULT CHARSET=utf8 COMMENT='编织袋标签打印批次表';

#
# Dumping data for table product_batch_tb
#

LOCK TABLES `product_batch_tb` WRITE;
/*!40000 ALTER TABLE `product_batch_tb` DISABLE KEYS */;
INSERT INTO `product_batch_tb` VALUES (1,'SH01000000012','测试标签',1,4,4,0,'2016-07-26 19:58:14',1,'江西仓库');
INSERT INTO `product_batch_tb` VALUES (2,'SH01000000013','测试二',1,4,1,0,'2016-07-26 19:57:42',1,'江西仓库');
INSERT INTO `product_batch_tb` VALUES (3,'SH01000000014','测试二',1,4,1,0,'2016-07-26 19:57:42',1,'江西仓库');
INSERT INTO `product_batch_tb` VALUES (4,'SH01000000015','此时三',1,1,1,0,'2016-07-26 21:28:35',1,'江西仓库');
INSERT INTO `product_batch_tb` VALUES (5,'SH01000000016','测试标签',1,4,1,0,'2016-07-26 19:58:14',1,'江西仓库');
INSERT INTO `product_batch_tb` VALUES (6,'SH01000000017','标签测试上海只定',1,4,1,0,'2016-07-26 16:38:29',1,'江西仓库');
INSERT INTO `product_batch_tb` VALUES (7,'SH01000000018','标签测试上海只定',1,4,1,0,'2016-07-26 16:38:29',1,'江西仓库');
INSERT INTO `product_batch_tb` VALUES (8,'SH01000000019','标签测试上海只定',1,4,1,0,'2016-07-26 16:38:29',1,'江西仓库');
INSERT INTO `product_batch_tb` VALUES (9,'SH01000000020','上海只定测试',1,4,1,0,'2016-07-27 20:34:39',1,'江西仓库');
INSERT INTO `product_batch_tb` VALUES (10,'SH01000000021','猪饲料',1,4,1,0,'2016-07-26 16:43:52',1,'江西仓库');
INSERT INTO `product_batch_tb` VALUES (11,'SH01000000022','猪饲料',1,4,23,0,'2016-07-26 16:43:52',1,'江西仓库');
INSERT INTO `product_batch_tb` VALUES (12,'SH01000000023','猪饲料',1,4,1,0,'2016-07-26 16:43:52',1,'江西仓库');
INSERT INTO `product_batch_tb` VALUES (13,'SH01000000024','上海猪饲料',1,4,1,0,'2016-07-27 13:15:07',1,'江西仓库');
INSERT INTO `product_batch_tb` VALUES (14,'SH01000000025','zhiding',1,5,3,0,'2016-07-27 13:31:10',1,'江西仓库');
INSERT INTO `product_batch_tb` VALUES (15,'SH01000000026','zhiding',1,5,3,0,'2016-07-27 13:31:10',1,'江西仓库');
INSERT INTO `product_batch_tb` VALUES (16,'SH01000000027','zhiding',1,5,5,0,'2016-07-27 13:31:10',1,'江西仓库');
INSERT INTO `product_batch_tb` VALUES (17,'SH01000000028','乳猪配合饲料',1,5,1,0,'2016-07-28 15:10:47',1,'江西仓库');
INSERT INTO `product_batch_tb` VALUES (18,'SH01000000029','乳猪配合饲料',1,5,1,0,'2016-07-28 15:10:47',1,'江西仓库');
INSERT INTO `product_batch_tb` VALUES (19,'SH01000000030','测试乳猪配合饲料',1,5,1,0,'2016-07-29 09:11:55',1,'江西仓库');
INSERT INTO `product_batch_tb` VALUES (20,'SH01000000031','ded',1,5,3,0,'2016-08-03 11:05:25',1,'江西仓库');
/*!40000 ALTER TABLE `product_batch_tb` ENABLE KEYS */;
UNLOCK TABLES;

#
# Source for table shipment
#

DROP TABLE IF EXISTS `shipment`;
CREATE TABLE `shipment` (
  `id` int(11) NOT NULL AUTO_INCREMENT COMMENT '主键',
  `shipment_code` varchar(64) NOT NULL DEFAULT '' COMMENT '发货流水号',
  `product_num` varchar(255) NOT NULL DEFAULT '' COMMENT '产品编号',
  `product_name` varchar(255) DEFAULT NULL COMMENT '产品名称',
  `customer_id` int(11) DEFAULT NULL COMMENT '客户',
  `customer_name` varchar(255) DEFAULT NULL COMMENT '客户姓名',
  `number` int(11) DEFAULT NULL COMMENT '发货数量',
  `has_packed` int(11) DEFAULT '0' COMMENT '已取货数',
  `status` char(50) DEFAULT '进行中' COMMENT '批次状态(进行中|处理|完成)',
  `current_batch` int(11) NOT NULL DEFAULT '0' COMMENT '是否当前批次 1|0 是|否',
  `createdatetime` datetime DEFAULT NULL COMMENT '创建时间',
  `modifydatetime` datetime DEFAULT NULL COMMENT '修改时间',
  `createuser` varchar(36) DEFAULT NULL COMMENT '创建用户',
  `modifyuser` varchar(36) DEFAULT NULL COMMENT '修改用户',
  PRIMARY KEY (`id`)
) ENGINE=InnoDB AUTO_INCREMENT=11 DEFAULT CHARSET=utf8 COMMENT='发货信息';

#
# Dumping data for table shipment
#

LOCK TABLES `shipment` WRITE;
/*!40000 ALTER TABLE `shipment` DISABLE KEYS */;
INSERT INTO `shipment` VALUES (1,'OUT_SH01000000001','ANSA000002','风扇',2,'张三',2,2,'完成',1,'2016-06-28 20:53:30',NULL,'1',NULL);
INSERT INTO `shipment` VALUES (4,'OUT_SH01000000002','ANSA000001','ANSA000001',1,'王二小',11,2,'进行中',0,'2016-07-04 20:38:40',NULL,'1',NULL);
INSERT INTO `shipment` VALUES (5,'OUT_SH01000000005','ANSA000001','ANSA000001',2,'张三',5,0,'进行中',0,'2016-07-06 13:42:33',NULL,'1',NULL);
INSERT INTO `shipment` VALUES (6,'OUT_SH01000000006','ANSA000002','ANSA000002',NULL,'王小二',5,0,'进行中',0,'2016-07-06 14:07:42',NULL,'1',NULL);
INSERT INTO `shipment` VALUES (7,'OUT_SH01000000007','ANSA000003','测试商品',NULL,'王小二',2,0,'进行中',0,'2016-07-07 11:10:26',NULL,'1',NULL);
INSERT INTO `shipment` VALUES (8,'OUT_SH01000000008','ANSA000005','乳猪饲料',2,'张三',2,0,'进行中',0,'2016-07-26 20:44:48',NULL,'1',NULL);
INSERT INTO `shipment` VALUES (9,'OUT_SH01000000009','ANSA000005','乳猪饲料',2,'张三',1,0,'进行中',0,'2016-07-26 20:47:17',NULL,'1',NULL);
INSERT INTO `shipment` VALUES (10,'OUT_SH01000000010','ANSA000003','测试商品',1,'王二小',2,0,'处理',1,'2016-08-03 21:25:25',NULL,'3',NULL);
/*!40000 ALTER TABLE `shipment` ENABLE KEYS */;
UNLOCK TABLES;

#
# Source for table shipment_detail
#

DROP TABLE IF EXISTS `shipment_detail`;
CREATE TABLE `shipment_detail` (
  `id` int(11) NOT NULL AUTO_INCREMENT,
  `batch_id` int(11) NOT NULL DEFAULT '0' COMMENT '主批次ID',
  `batch_num` varchar(50) NOT NULL DEFAULT '' COMMENT '批次号',
  `package_code` varchar(50) DEFAULT NULL COMMENT '箱号',
  `product_num` varchar(100) NOT NULL DEFAULT '0' COMMENT '产品编号',
  `product_name` varchar(255) DEFAULT NULL COMMENT '产品名称',
  `status` varchar(50) NOT NULL DEFAULT '完成' COMMENT '状态 ：完成',
  `createdatetime` datetime DEFAULT NULL COMMENT '创建时间',
  `modifydatetime` datetime DEFAULT NULL COMMENT '修改时间',
  `createuser` varchar(36) DEFAULT NULL COMMENT '创建用户',
  `modifyuser` varchar(36) DEFAULT NULL COMMENT '修改用户',
  PRIMARY KEY (`id`)
) ENGINE=InnoDB DEFAULT CHARSET=utf8 COMMENT='发货详情';

#
# Dumping data for table shipment_detail
#

LOCK TABLES `shipment_detail` WRITE;
/*!40000 ALTER TABLE `shipment_detail` DISABLE KEYS */;
INSERT INTO `shipment_detail` VALUES (1,1,'OUT_SH01000000001','SH01000000001001','ANSA000002','风扇','完成','2016-06-28 20:58:13',NULL,'1',NULL);
INSERT INTO `shipment_detail` VALUES (10,4,'OUT_SH01000000002','SH01000000001002','ANSA000001','ANSA000001','完成','2016-07-05 21:27:26',NULL,'1',NULL);
INSERT INTO `shipment_detail` VALUES (11,4,'OUT_SH01000000002','SH01000000002001','ANSA000001','ANSA000001','完成','2016-07-05 21:27:54',NULL,'1',NULL);
/*!40000 ALTER TABLE `shipment_detail` ENABLE KEYS */;
UNLOCK TABLES;

#
# Source for table sys_dictdata
#

DROP TABLE IF EXISTS `sys_dictdata`;
CREATE TABLE `sys_dictdata` (
  `id` int(11) NOT NULL AUTO_INCREMENT,
  `type` varchar(100) DEFAULT NULL COMMENT '类型',
  `seq` int(11) DEFAULT NULL COMMENT '序号',
  `name` varchar(255) DEFAULT NULL COMMENT '名称',
  `value` varchar(255) DEFAULT NULL COMMENT '值',
  `createdatetime` datetime DEFAULT NULL,
  `modifydatetime` datetime DEFAULT NULL,
  `createuser` varchar(36) DEFAULT NULL,
  `modifyuser` varchar(36) DEFAULT NULL,
  PRIMARY KEY (`id`)
) ENGINE=InnoDB DEFAULT CHARSET=utf8 ROW_FORMAT=COMPACT COMMENT='数据字典';

#
# Dumping data for table sys_dictdata
#

LOCK TABLES `sys_dictdata` WRITE;
/*!40000 ALTER TABLE `sys_dictdata` DISABLE KEYS */;
INSERT INTO `sys_dictdata` VALUES (14,'字典类型',99,'新增公司','0','2016-05-24 15:29:20',NULL,'1',NULL);
INSERT INTO `sys_dictdata` VALUES (15,'字典类型',99,'配置','0','1899-12-30 02:00:00',NULL,'1',NULL);
INSERT INTO `sys_dictdata` VALUES (16,'新增公司',1,'公司前缀ANSA','ANSA','2016-05-28 13:53:27',NULL,'1',NULL);
/*!40000 ALTER TABLE `sys_dictdata` ENABLE KEYS */;
UNLOCK TABLES;

#
# Source for table sys_sap
#

DROP TABLE IF EXISTS `sys_sap`;
CREATE TABLE `sys_sap` (
  `id` int(11) NOT NULL AUTO_INCREMENT,
  `sys_sap_name` varchar(50) DEFAULT NULL COMMENT '接口名称',
  `sys_sap_url` varchar(255) DEFAULT NULL COMMENT '接口地址',
  `sys_sap_account` varchar(255) DEFAULT NULL COMMENT '接口账号',
  `sys_sap_password` varchar(255) DEFAULT NULL COMMENT '接口密码',
  PRIMARY KEY (`id`)
) ENGINE=InnoDB DEFAULT CHARSET=utf8 COMMENT='SAP配置';

#
# Dumping data for table sys_sap
#

LOCK TABLES `sys_sap` WRITE;
/*!40000 ALTER TABLE `sys_sap` DISABLE KEYS */;
INSERT INTO `sys_sap` VALUES (3,'f','sdf','sf','sf');
/*!40000 ALTER TABLE `sys_sap` ENABLE KEYS */;
UNLOCK TABLES;

#
# Source for table tag
#

DROP TABLE IF EXISTS `tag`;
CREATE TABLE `tag` (
  `id` int(11) unsigned NOT NULL AUTO_INCREMENT COMMENT '自增ID',
  `tag_num` varchar(64) NOT NULL COMMENT '标签编号',
  `product_id` int(11) DEFAULT NULL COMMENT '商品ID',
  `product_name` varchar(64) NOT NULL COMMENT '产品名称',
  `product_num` varchar(64) NOT NULL COMMENT '产品编号',
  `tag_name` varchar(64) NOT NULL DEFAULT '' COMMENT '标签名称',
  `depot_id` int(10) DEFAULT '0' COMMENT '公司ID',
  `depot_code` varchar(255) DEFAULT NULL COMMENT '公司编号',
  `product_place` varchar(64) DEFAULT '' COMMENT '产地',
  `product_date` date DEFAULT '0000-00-00' COMMENT '生产时间',
  `tag_detail` text COMMENT '标签详情',
  `create_time` datetime NOT NULL DEFAULT CURRENT_TIMESTAMP COMMENT '创建时间',
  `admin_id` int(11) NOT NULL COMMENT '管理员ID',
  PRIMARY KEY (`id`)
) ENGINE=InnoDB AUTO_INCREMENT=68 DEFAULT CHARSET=utf8 COMMENT='标签';

#
# Dumping data for table tag
#

LOCK TABLES `tag` WRITE;
/*!40000 ALTER TABLE `tag` DISABLE KEYS */;
INSERT INTO `tag` VALUES (1,'SH010000000001',4,'测试商品一','ANSA000004','测试标签',1,'SH01','上海','2016-07-26','','2016-07-26 19:58:14',1);
INSERT INTO `tag` VALUES (2,'SH010000000002',4,'测试商品一','ANSA000004','测试二',1,'SH01','上海','2016-07-26','','2016-07-26 19:57:42',1);
INSERT INTO `tag` VALUES (3,'SH010000000003',1,'ANSA000001','ANSA000001','此时三',1,'SH01','苏州','2016-07-26','','2016-07-26 21:28:35',1);
INSERT INTO `tag` VALUES (4,'SH010000000004',4,'测试商品一','ANSA000004','测试末班3',1,'SH01','上海','2016-07-26','','2016-07-26 19:58:04',1);
INSERT INTO `tag` VALUES (5,'SH010000000005',4,'测试商品一','ANSA000004','标签测试上海只定',1,'SH01','上海','2016-07-26','','2016-07-26 16:38:29',1);
INSERT INTO `tag` VALUES (6,'SH010000000006',4,'测试商品一','ANSA000004','上海只定测试',1,'SH01','123','2016-07-27','','2016-07-27 20:34:39',1);
INSERT INTO `tag` VALUES (7,'SH010000000007',4,'测试商品一','ANSA000004','猪饲料',1,'SH01','上海','2016-07-26','','2016-07-26 16:43:52',1);
INSERT INTO `tag` VALUES (8,'SH010000000008',4,'测试商品一','ANSA000004','上海猪饲料',1,'SH01','上海','2016-07-27','','2016-07-27 13:15:07',1);
INSERT INTO `tag` VALUES (9,'SH010000000009',1,'ANSA000001','ANSA000001','hhdh',1,'SH01','dfhdh','2016-07-26','','2016-07-26 17:23:36',1);
INSERT INTO `tag` VALUES (10,'SH010000000010',1,'ANSA000001','ANSA000001','测试标签',1,'SH01','上海','2016-08-07','','2016-08-07 12:48:17',3);
INSERT INTO `tag` VALUES (11,'SH010000000011',4,'测试商品一','ANSA000004','sdfa',1,'SH01','a','2016-07-26','','2016-07-26',1);
INSERT INTO `tag` VALUES (12,'SH010000000012',4,'测试商品一','ANSA000004','箱标签_一仓',1,'SH01','武汉','2016-08-03','','2016-08-03 17:18:54',1);
INSERT INTO `tag` VALUES (13,'SH010000000013',5,'乳猪饲料','ANSA000005','zhiding',1,'SH01','taicang','2016-07-27','','2016-07-27 13:31:10',1);
INSERT INTO `tag` VALUES (14,'SH010000000014',1,'ANSA000001','ANSA000001','测试标签11',1,'SH01','太仓','2016-07-28','','2016-07-28 14:43:48',1);
INSERT INTO `tag` VALUES (15,'SH010000000015',4,'测试商品一','ANSA000004','ssss',1,'SH01','dddd','2016-07-28','','2016-07-28 00:39:48',1);
INSERT INTO `tag` VALUES (16,'SH010000000016',5,'乳猪饲料','ANSA000005','上海乳猪饲料',1,'SH01','上海嘉定','2016-07-28','','2016-07-28 10:56:07',1);
INSERT INTO `tag` VALUES (17,'SH010000000017',5,'乳猪饲料','ANSA000005','乳猪配合饲料',1,'SH01','上海嘉定区','2016-07-28','','2016-07-28 15:10:47',1);
INSERT INTO `tag` VALUES (18,'SH010000000018',5,'乳猪饲料','ANSA000005','测测测   测试',1,'SH01','马来西亚','2016-08-08','','2016-08-08 10:26:15',1);
INSERT INTO `tag` VALUES (19,'SH010000000019',5,'乳猪饲料','ANSA000005','乳猪测试标签',1,'SH01','上海嘉定','2016-07-28','','2016-07-28 14:48:48',1);
INSERT INTO `tag` VALUES (20,'SH010000000020',5,'乳猪饲料','ANSA000005','属猪饲料',1,'SH01','aaa','2016-07-28','','2016-07-28 13:00:13',1);
INSERT INTO `tag` VALUES (21,'SH010000000021',4,'测试商品一','ANSA000004','是的发送到',1,'SH01','测试','2016-07-28','','2016-07-28 15:15:29',1);
INSERT INTO `tag` VALUES (22,'SH010000000022',5,'乳猪饲料','ANSA000005','cece',1,'SH01','aaaa','2016-08-03','','2016-08-03 16:39:47',1);
INSERT INTO `tag` VALUES (23,'SH010000000023',5,'乳猪饲料','ANSA000005','测试乳猪配合饲料',1,'SH01','上海南翔','2016-08-05','','2016-08-05 13:21:18',1);
INSERT INTO `tag` VALUES (24,'SH010000000024',4,'测试商品一','ANSA000004','bigger',1,'SH01','china','2016-08-05','','2016-08-05 13:22:33',1);
INSERT INTO `tag` VALUES (25,'SH010000000025',5,'乳猪饲料','ANSA000005','测试乳猪配合饲料',1,'SH01','上海aa','2016-08-03','','2016-08-03 11:04:57',1);
INSERT INTO `tag` VALUES (26,'SH010000000026',4,'测试商品一','ANSA000004','bibibi',1,'SH01','xinxilan','2016-08-03','','2016-08-03 16:39:07',1);
INSERT INTO `tag` VALUES (27,'SH010000000027',5,'乳猪饲料','ANSA000005','ded',1,'SH01','上海','2016-08-03','','2016-08-03 11:05:25',1);
INSERT INTO `tag` VALUES (28,'SH010000000028',4,'测试商品一','ANSA000004','测试',1,'SH01','上海一仓地址','2016-08-05','','2016-08-05 13:20:44',1);
INSERT INTO `tag` VALUES (29,'SH010000000029',4,'测试商品一','ANSA000004','王坤',1,'SH01','上海一仓地址','2016-08-05','','2016-08-05 13:20:01',1);
INSERT INTO `tag` VALUES (30,'SH010000000030',4,'测试商品一','ANSA000004','12',1,'SH01','上海一仓地址','2016-08-03','','2016-08-03 17:20:55',1);
INSERT INTO `tag` VALUES (31,'SH010000000031',5,'乳猪饲料','ANSA000005','g',NULL,'SH01','上海一仓地址','2016-08-03','','2016-08-03',1);
INSERT INTO `tag` VALUES (32,'SH010000000032',4,'测试商品一','ANSA000004','尺寸',1,'SH01','上海一仓地址','2016-08-05','','2016-08-05 13:19:45',1);
INSERT INTO `tag` VALUES (33,'SH010000000033',4,'测试商品一','ANSA000004','xxxxx',1,'SH01','江西','2016-08-05','','2016-08-05 13:19:23',1);
INSERT INTO `tag` VALUES (34,'SH010000000034',5,'乳猪饲料','ANSA000005','测试测试',NULL,'SH01','江西','2016-08-05','','2016-08-05',1);
INSERT INTO `tag` VALUES (35,'SH010000000035',4,'测试商品一','ANSA000004','测试2356',NULL,'SH01','江西','2016-08-05','','2016-08-05',1);
INSERT INTO `tag` VALUES (36,'SH010000000036',1,'ANSA000001','ANSA000001','erhy ',NULL,'SH01','江西','2016-08-05','','2016-08-05',1);
INSERT INTO `tag` VALUES (37,'SH010000000037',5,'乳猪饲料','ANSA000005','测试模板',NULL,'SH01','江西','2016-08-05','','2016-08-05',1);
INSERT INTO `tag` VALUES (38,'SH010000000038',5,'乳猪饲料','ANSA000005','测试',1,'SH01','江西','2016-08-06','','2016-08-06 15:42:51',1);
INSERT INTO `tag` VALUES (39,'SH010000000037',5,'乳猪饲料','ANSA000005','测试模板',1,'SCOMP001','江西','2016-08-06','','2016-08-06 23:04:14',3);
INSERT INTO `tag` VALUES (41,'SH010000000038',5,'乳猪饲料','ANSA000005','测试',1,'SCOMP001','江西','2016-08-06','','2016-08-06 23:04:04',3);
INSERT INTO `tag` VALUES (42,'SH010000000042',4,'测试商品一','ANSA000004','sfasdf',NULL,'SH01','江西','2016-08-07','','2016-08-07',3);
INSERT INTO `tag` VALUES (43,'SH010000000043',5,'乳猪饲料','ANSA000005','测试复制',1,'SH01','江西','2016-08-07','','2016-08-07 12:38:01',3);
INSERT INTO `tag` VALUES (44,'SH010000000044',4,'测试商品一','ANSA000004','sfasdf',NULL,'SH01','江西','2016-08-07','','2016-08-07',3);
INSERT INTO `tag` VALUES (45,'SH010000000045',4,'测试商品一','ANSA000004','adfadsf',NULL,'SH01','江西','2016-08-07','','2016-08-07',3);
INSERT INTO `tag` VALUES (46,'SH010000000046',5,'乳猪饲料','ANSA000005','测试标签234',NULL,'SH01','江西','2016-08-07','','2016-08-07',3);
INSERT INTO `tag` VALUES (47,'SH010000000047',5,'乳猪饲料','ANSA000005','测试标签234',NULL,'SH01','江西','2016-08-07','','2016-08-07',3);
INSERT INTO `tag` VALUES (48,'SH010000000048',5,'乳猪饲料','ANSA000005','测试标签234',1,'SH01','江西','2016-08-07','','2016-08-07 12:50:44',3);
INSERT INTO `tag` VALUES (49,'SH010000000049',4,'测试商品一','ANSA000004','测试复制标签',1,'SH01','江西','2016-08-07','','2016-08-07 12:50:59',3);
INSERT INTO `tag` VALUES (50,'SH010000000050',5,'乳猪饲料','ANSA000005','打发打发',NULL,'SH01','江西','2016-08-07','','2016-08-07',3);
INSERT INTO `tag` VALUES (51,'SH020000000051',1,'ANSA000001','ANSA000001','复制测试',NULL,'SH02','上海二仓地址','2016-08-07','','2016-08-07',3);
INSERT INTO `tag` VALUES (52,'SH010000000052',5,'乳猪饲料','ANSA000005','测试复制标签',1,'SH01','江西','2016-08-07','','2016-08-07 13:14:38',3);
INSERT INTO `tag` VALUES (53,'SH010000000053',5,'乳猪饲料','ANSA000005','阿道夫',NULL,'SH01','江西','2016-08-07','','2016-08-07',3);
INSERT INTO `tag` VALUES (54,'SH010000000054',5,'乳猪饲料','ANSA000005','阿道夫',NULL,'SH01','江西','2016-08-07','','2016-08-07',3);
INSERT INTO `tag` VALUES (55,'SH010000000055',4,'测试商品一','ANSA000004','是发达',NULL,'SH01','江西','2016-08-07','','2016-08-07',1);
INSERT INTO `tag` VALUES (56,'SH010000000056',5,'乳猪饲料','ANSA000005','阿道夫',1,'SH01','江西','2016-08-07','','2016-08-07 17:37:06',1);
INSERT INTO `tag` VALUES (57,'SH010000000057',4,'测试商品一','ANSA000004','测试123456',NULL,'SH01','江西','2016-08-07','','2016-08-07',1);
INSERT INTO `tag` VALUES (58,'SH010000000058',5,'乳猪饲料','ANSA000005','测试123456789',1,'SH01','江西','2016-08-08','','2016-08-08 09:09:59',1);
INSERT INTO `tag` VALUES (59,'SH010000000059',4,'测试商品一','ANSA000004','测试安佑100张',NULL,'SH01','江西','2016-08-09','','2016-08-09',1);
INSERT INTO `tag` VALUES (60,'SH010000000060',4,'测试商品一','ANSA000004','测试安佑标签',NULL,'SH01','江西','2016-08-09','','2016-08-09',1);
INSERT INTO `tag` VALUES (61,'SH010000000061',1,'ANSA000001','ANSA000001','安佑',NULL,'SH01','江西','2016-08-09','','2016-08-09',1);
INSERT INTO `tag` VALUES (62,'ANYOU010000000062',4,'测试商品一','ANSA000004','anyou 测试标签100',1,'SH01','江苏太仓','2016-08-09','','2016-08-09 13:30:16',1);
INSERT INTO `tag` VALUES (63,'SH010000000063',4,'测试商品一','ANSA000004','安佑测试200',NULL,'SH01','江西','2016-08-09','','2016-08-09',1);
INSERT INTO `tag` VALUES (64,'SH010000000064',4,'测试商品一','ANSA000004','安佑测试2016',1,'SH01','江西','2016-08-09','','2016-08-09 14:02:32',1);
INSERT INTO `tag` VALUES (65,'SH010000000065',1,'ANSA000001','ANSA000001','测试',NULL,'SH01','江西','2016-08-09','','2016-08-09',1);
INSERT INTO `tag` VALUES (66,'SH010000000066',6,'ANSA000006','ANSA000006','安佑猪饲料',NULL,'SH01','江西','2016-08-09','','2016-08-09',1);
INSERT INTO `tag` VALUES (67,'SH010000000067',7,'安佑乳猪饲料','ANSA000007','安佑乳猪饲料',NULL,'SH01','江西','2016-08-09','','2016-08-09',1);
/*!40000 ALTER TABLE `tag` ENABLE KEYS */;
UNLOCK TABLES;

#
# Source for table tag_tb
#

DROP TABLE IF EXISTS `tag_tb`;
CREATE TABLE `tag_tb` (
  `id` int(11) unsigned NOT NULL AUTO_INCREMENT COMMENT '自增ID',
  `tag_num` varchar(64) DEFAULT NULL COMMENT '标签编号',
  `product_id` int(11) DEFAULT NULL COMMENT '商品ID',
  `product_name` varchar(64) DEFAULT NULL COMMENT '产品名称',
  `product_num` varchar(64) DEFAULT NULL COMMENT '产品编号',
  `tag_name` varchar(64) DEFAULT '' COMMENT '标签名称',
  `depot_id` int(10) DEFAULT '0' COMMENT '公司ID',
  `depot_code` varchar(255) DEFAULT NULL COMMENT '公司编号',
  `product_place` varchar(64) DEFAULT '' COMMENT '产地',
  `product_date` date DEFAULT '0000-00-00' COMMENT '生产时间',
  `tag_detail` text COMMENT '标签详情',
  `create_time` datetime NOT NULL DEFAULT CURRENT_TIMESTAMP COMMENT '创建时间',
  `admin_id` int(11) DEFAULT NULL COMMENT '管理员ID',
  PRIMARY KEY (`id`)
) ENGINE=InnoDB AUTO_INCREMENT=21 DEFAULT CHARSET=utf8 COMMENT='标签';

#
# Dumping data for table tag_tb
#

LOCK TABLES `tag_tb` WRITE;
/*!40000 ALTER TABLE `tag_tb` DISABLE KEYS */;
INSERT INTO `tag_tb` VALUES (1,'SH010000000001',4,'测试商品一','ANSA000004','测试标签',1,'SH01','上海','2016-07-26','','2016-07-26 19:58:14',1);
INSERT INTO `tag_tb` VALUES (2,'SH010000000002',4,'测试商品一','ANSA000004','测试二',1,'SH01','上海','2016-07-26','','2016-07-26 19:57:42',1);
INSERT INTO `tag_tb` VALUES (3,'SH010000000002',4,'测试商品一','ANSA000004','测试二',1,'SH01','上海','2016-07-26','','2016-07-26 19:57:42',1);
INSERT INTO `tag_tb` VALUES (4,'SH010000000003',1,'ANSA000001','ANSA000001','此时三',1,'SH01','苏州','2016-07-26','','2016-07-26 21:28:35',1);
INSERT INTO `tag_tb` VALUES (5,'SH010000000001',4,'测试商品一','ANSA000004','测试标签',1,'SH01','上海','2016-07-26','','2016-07-26 19:58:14',1);
INSERT INTO `tag_tb` VALUES (6,'SH010000000005',4,'测试商品一','ANSA000004','标签测试上海只定',1,'SH01','上海','2016-07-26','','2016-07-26 16:38:29',1);
INSERT INTO `tag_tb` VALUES (7,'SH010000000005',4,'测试商品一','ANSA000004','标签测试上海只定',1,'SH01','上海','2016-07-26','','2016-07-26 16:38:29',1);
INSERT INTO `tag_tb` VALUES (8,'SH010000000005',4,'测试商品一','ANSA000004','标签测试上海只定',1,'SH01','上海','2016-07-26','','2016-07-26 16:38:29',1);
INSERT INTO `tag_tb` VALUES (9,'SH010000000006',4,'测试商品一','ANSA000004','上海只定测试',1,'SH01','123','2016-07-27','','2016-07-27 20:34:39',1);
INSERT INTO `tag_tb` VALUES (10,'SH010000000007',4,'测试商品一','ANSA000004','猪饲料',1,'SH01','上海','2016-07-26','','2016-07-26 16:43:52',1);
INSERT INTO `tag_tb` VALUES (11,'SH010000000007',4,'测试商品一','ANSA000004','猪饲料',1,'SH01','上海','2016-07-26','','2016-07-26 16:43:52',1);
INSERT INTO `tag_tb` VALUES (12,'SH010000000007',4,'测试商品一','ANSA000004','猪饲料',1,'SH01','上海','2016-07-26','','2016-07-26 16:43:52',1);
INSERT INTO `tag_tb` VALUES (13,'SH010000000008',4,'测试商品一','ANSA000004','上海猪饲料',1,'SH01','上海','2016-07-27','','2016-07-27 13:15:07',1);
INSERT INTO `tag_tb` VALUES (14,'SH010000000013',5,'乳猪饲料','ANSA000005','zhiding',1,'SH01','taicang','2016-07-27','','2016-07-27 13:31:10',1);
INSERT INTO `tag_tb` VALUES (15,'SH010000000013',5,'乳猪饲料','ANSA000005','zhiding',1,'SH01','taicang','2016-07-27','','2016-07-27 13:31:10',1);
INSERT INTO `tag_tb` VALUES (16,'SH010000000013',5,'乳猪饲料','ANSA000005','zhiding',1,'SH01','taicang','2016-07-27','','2016-07-27 13:31:10',1);
INSERT INTO `tag_tb` VALUES (17,'SH010000000017',5,'乳猪饲料','ANSA000005','乳猪配合饲料',1,'SH01','上海嘉定区','2016-07-28','','2016-07-28 15:10:47',1);
INSERT INTO `tag_tb` VALUES (18,'SH010000000017',5,'乳猪饲料','ANSA000005','乳猪配合饲料',1,'SH01','上海嘉定区','2016-07-28','','2016-07-28 15:10:47',1);
INSERT INTO `tag_tb` VALUES (19,'SH010000000023',5,'乳猪饲料','ANSA000005','测试乳猪配合饲料',1,'SH01','上海南翔','2016-07-29','','2016-07-29 09:11:55',1);
INSERT INTO `tag_tb` VALUES (20,'SH010000000027',5,'乳猪饲料','ANSA000005','ded',1,'SH01','上海','2016-08-03','','2016-08-03 11:05:25',1);
/*!40000 ALTER TABLE `tag_tb` ENABLE KEYS */;
UNLOCK TABLES;

#
# Source for table text_a
#

DROP TABLE IF EXISTS `text_a`;
CREATE TABLE `text_a` (
  `id` int(11) NOT NULL AUTO_INCREMENT,
  `ss` varchar(20) DEFAULT NULL,
  PRIMARY KEY (`id`)
) ENGINE=InnoDB AUTO_INCREMENT=3 DEFAULT CHARSET=utf8;

#
# Dumping data for table text_a
#

LOCK TABLES `text_a` WRITE;
/*!40000 ALTER TABLE `text_a` DISABLE KEYS */;
INSERT INTO `text_a` VALUES (1,'1');
INSERT INTO `text_a` VALUES (2,'dfewee');
/*!40000 ALTER TABLE `text_a` ENABLE KEYS */;
UNLOCK TABLES;

#
# Source for table tmp_package_print
#

DROP TABLE IF EXISTS `tmp_package_print`;
CREATE TABLE `tmp_package_print` (
  `id` int(11) NOT NULL AUTO_INCREMENT,
  `product_date` date NOT NULL DEFAULT '0000-00-00' COMMENT '生产日期',
  `batch_id` int(11) NOT NULL DEFAULT '0' COMMENT '批次号',
  `batch_num` varchar(255) DEFAULT NULL COMMENT '批次号',
  `package_num` varchar(255) DEFAULT NULL COMMENT '箱码',
  `brcode` varchar(255) DEFAULT NULL COMMENT '条形码',
  `qrcode` varchar(255) DEFAULT NULL COMMENT '二维码',
  `createdatetime` datetime DEFAULT NULL COMMENT '创建时间',
  `createuser` varchar(36) DEFAULT NULL COMMENT '创建用户',
  `tag_id` varchar(255) DEFAULT NULL COMMENT '标签ID',
  `pages` int(11) DEFAULT NULL COMMENT '打印张数',
  PRIMARY KEY (`id`)
) ENGINE=InnoDB AUTO_INCREMENT=167 DEFAULT CHARSET=utf8 COMMENT='打印箱码临时表';

#
# Dumping data for table tmp_package_print
#

LOCK TABLES `tmp_package_print` WRITE;
/*!40000 ALTER TABLE `tmp_package_print` DISABLE KEYS */;
INSERT INTO `tmp_package_print` VALUES (67,'2016-07-30',6,'SH01000000006','SH01000000006001','SH01000000006001','http://think.5zyx.com/index.php/Front/index?code=SH01000000006001','2016-07-27 22:23:28','1','12',100);
INSERT INTO `tmp_package_print` VALUES (68,'2016-07-30',6,'SH01000000006','SH01000000006001','SH01000000006001','http://think.5zyx.com/index.php/Front/index?code=SH01000000006001','2016-07-27 22:23:28','1','12',100);
INSERT INTO `tmp_package_print` VALUES (69,'2016-07-30',6,'SH01000000006','SH01000000006001','SH01000000006001','http://think.5zyx.com/index.php/Front/index?code=SH01000000006001','2016-07-27 22:23:28','1','12',100);
INSERT INTO `tmp_package_print` VALUES (70,'2016-07-30',6,'SH01000000006','SH01000000006001','SH01000000006001','http://think.5zyx.com/index.php/Front/index?code=SH01000000006001','2016-07-27 22:23:28','1','12',100);
INSERT INTO `tmp_package_print` VALUES (71,'2016-07-30',6,'SH01000000006','SH01000000006001','SH01000000006001','http://think.5zyx.com/index.php/Front/index?code=SH01000000006001','2016-07-27 22:23:28','1','12',100);
INSERT INTO `tmp_package_print` VALUES (72,'2016-07-30',6,'SH01000000006','SH01000000006001','SH01000000006001','http://think.5zyx.com/index.php/Front/index?code=SH01000000006001','2016-07-27 22:23:28','1','12',100);
INSERT INTO `tmp_package_print` VALUES (73,'2016-07-30',6,'SH01000000006','SH01000000006001','SH01000000006001','http://think.5zyx.com/index.php/Front/index?code=SH01000000006001','2016-07-27 22:23:28','1','12',100);
INSERT INTO `tmp_package_print` VALUES (74,'2016-07-30',6,'SH01000000006','SH01000000006001','SH01000000006001','http://think.5zyx.com/index.php/Front/index?code=SH01000000006001','2016-07-27 22:23:28','1','12',100);
INSERT INTO `tmp_package_print` VALUES (75,'2016-07-30',6,'SH01000000006','SH01000000006001','SH01000000006001','http://think.5zyx.com/index.php/Front/index?code=SH01000000006001','2016-07-27 22:23:28','1','12',100);
INSERT INTO `tmp_package_print` VALUES (76,'2016-07-30',6,'SH01000000006','SH01000000006001','SH01000000006001','http://think.5zyx.com/index.php/Front/index?code=SH01000000006001','2016-07-27 22:23:28','1','12',100);
INSERT INTO `tmp_package_print` VALUES (77,'2016-07-30',6,'SH01000000006','SH01000000006001','SH01000000006001','http://think.5zyx.com/index.php/Front/index?code=SH01000000006001','2016-07-27 22:23:28','1','12',100);
INSERT INTO `tmp_package_print` VALUES (78,'2016-07-30',6,'SH01000000006','SH01000000006001','SH01000000006001','http://think.5zyx.com/index.php/Front/index?code=SH01000000006001','2016-07-27 22:23:28','1','12',100);
INSERT INTO `tmp_package_print` VALUES (79,'2016-07-30',6,'SH01000000006','SH01000000006001','SH01000000006001','http://think.5zyx.com/index.php/Front/index?code=SH01000000006001','2016-07-27 22:23:28','1','12',100);
INSERT INTO `tmp_package_print` VALUES (80,'2016-07-30',6,'SH01000000006','SH01000000006001','SH01000000006001','http://think.5zyx.com/index.php/Front/index?code=SH01000000006001','2016-07-27 22:23:28','1','12',100);
INSERT INTO `tmp_package_print` VALUES (81,'2016-07-30',6,'SH01000000006','SH01000000006001','SH01000000006001','http://think.5zyx.com/index.php/Front/index?code=SH01000000006001','2016-07-27 22:23:28','1','12',100);
INSERT INTO `tmp_package_print` VALUES (82,'2016-07-30',6,'SH01000000006','SH01000000006001','SH01000000006001','http://think.5zyx.com/index.php/Front/index?code=SH01000000006001','2016-07-27 22:23:28','1','12',100);
INSERT INTO `tmp_package_print` VALUES (83,'2016-07-30',6,'SH01000000006','SH01000000006001','SH01000000006001','http://think.5zyx.com/index.php/Front/index?code=SH01000000006001','2016-07-27 22:23:28','1','12',100);
INSERT INTO `tmp_package_print` VALUES (84,'2016-07-30',6,'SH01000000006','SH01000000006001','SH01000000006001','http://think.5zyx.com/index.php/Front/index?code=SH01000000006001','2016-07-27 22:23:28','1','12',100);
INSERT INTO `tmp_package_print` VALUES (85,'2016-07-30',6,'SH01000000006','SH01000000006001','SH01000000006001','http://think.5zyx.com/index.php/Front/index?code=SH01000000006001','2016-07-27 22:23:28','1','12',100);
INSERT INTO `tmp_package_print` VALUES (86,'2016-07-30',6,'SH01000000006','SH01000000006001','SH01000000006001','http://think.5zyx.com/index.php/Front/index?code=SH01000000006001','2016-07-27 22:23:28','1','12',100);
INSERT INTO `tmp_package_print` VALUES (87,'2016-07-30',6,'SH01000000006','SH01000000006001','SH01000000006001','http://think.5zyx.com/index.php/Front/index?code=SH01000000006001','2016-07-27 22:23:28','1','12',100);
INSERT INTO `tmp_package_print` VALUES (88,'2016-07-30',6,'SH01000000006','SH01000000006001','SH01000000006001','http://think.5zyx.com/index.php/Front/index?code=SH01000000006001','2016-07-27 22:23:28','1','12',100);
INSERT INTO `tmp_package_print` VALUES (89,'2016-07-30',6,'SH01000000006','SH01000000006001','SH01000000006001','http://think.5zyx.com/index.php/Front/index?code=SH01000000006001','2016-07-27 22:23:28','1','12',100);
INSERT INTO `tmp_package_print` VALUES (90,'2016-07-30',6,'SH01000000006','SH01000000006001','SH01000000006001','http://think.5zyx.com/index.php/Front/index?code=SH01000000006001','2016-07-27 22:23:28','1','12',100);
INSERT INTO `tmp_package_print` VALUES (91,'2016-07-30',6,'SH01000000006','SH01000000006001','SH01000000006001','http://think.5zyx.com/index.php/Front/index?code=SH01000000006001','2016-07-27 22:23:28','1','12',100);
INSERT INTO `tmp_package_print` VALUES (92,'2016-07-30',6,'SH01000000006','SH01000000006001','SH01000000006001','http://think.5zyx.com/index.php/Front/index?code=SH01000000006001','2016-07-27 22:23:28','1','12',100);
INSERT INTO `tmp_package_print` VALUES (93,'2016-07-30',6,'SH01000000006','SH01000000006001','SH01000000006001','http://think.5zyx.com/index.php/Front/index?code=SH01000000006001','2016-07-27 22:23:28','1','12',100);
INSERT INTO `tmp_package_print` VALUES (94,'2016-07-30',6,'SH01000000006','SH01000000006001','SH01000000006001','http://think.5zyx.com/index.php/Front/index?code=SH01000000006001','2016-07-27 22:23:28','1','12',100);
INSERT INTO `tmp_package_print` VALUES (95,'2016-07-30',6,'SH01000000006','SH01000000006001','SH01000000006001','http://think.5zyx.com/index.php/Front/index?code=SH01000000006001','2016-07-27 22:23:28','1','12',100);
INSERT INTO `tmp_package_print` VALUES (96,'2016-07-30',6,'SH01000000006','SH01000000006001','SH01000000006001','http://think.5zyx.com/index.php/Front/index?code=SH01000000006001','2016-07-27 22:23:28','1','12',100);
INSERT INTO `tmp_package_print` VALUES (97,'2016-07-30',6,'SH01000000006','SH01000000006001','SH01000000006001','http://think.5zyx.com/index.php/Front/index?code=SH01000000006001','2016-07-27 22:23:28','1','12',100);
INSERT INTO `tmp_package_print` VALUES (98,'2016-07-30',6,'SH01000000006','SH01000000006001','SH01000000006001','http://think.5zyx.com/index.php/Front/index?code=SH01000000006001','2016-07-27 22:23:28','1','12',100);
INSERT INTO `tmp_package_print` VALUES (99,'2016-07-30',6,'SH01000000006','SH01000000006001','SH01000000006001','http://think.5zyx.com/index.php/Front/index?code=SH01000000006001','2016-07-27 22:23:28','1','12',100);
INSERT INTO `tmp_package_print` VALUES (100,'2016-07-30',6,'SH01000000006','SH01000000006001','SH01000000006001','http://think.5zyx.com/index.php/Front/index?code=SH01000000006001','2016-07-27 22:23:28','1','12',100);
INSERT INTO `tmp_package_print` VALUES (101,'2016-07-30',6,'SH01000000006','SH01000000006001','SH01000000006001','http://think.5zyx.com/index.php/Front/index?code=SH01000000006001','2016-07-27 22:23:28','1','12',100);
INSERT INTO `tmp_package_print` VALUES (102,'2016-07-30',6,'SH01000000006','SH01000000006001','SH01000000006001','http://think.5zyx.com/index.php/Front/index?code=SH01000000006001','2016-07-27 22:23:28','1','12',100);
INSERT INTO `tmp_package_print` VALUES (103,'2016-07-30',6,'SH01000000006','SH01000000006001','SH01000000006001','http://think.5zyx.com/index.php/Front/index?code=SH01000000006001','2016-07-27 22:23:28','1','12',100);
INSERT INTO `tmp_package_print` VALUES (104,'2016-07-30',6,'SH01000000006','SH01000000006001','SH01000000006001','http://think.5zyx.com/index.php/Front/index?code=SH01000000006001','2016-07-27 22:23:28','1','12',100);
INSERT INTO `tmp_package_print` VALUES (105,'2016-07-30',6,'SH01000000006','SH01000000006001','SH01000000006001','http://think.5zyx.com/index.php/Front/index?code=SH01000000006001','2016-07-27 22:23:28','1','12',100);
INSERT INTO `tmp_package_print` VALUES (106,'2016-07-30',6,'SH01000000006','SH01000000006001','SH01000000006001','http://think.5zyx.com/index.php/Front/index?code=SH01000000006001','2016-07-27 22:23:28','1','12',100);
INSERT INTO `tmp_package_print` VALUES (107,'2016-07-30',6,'SH01000000006','SH01000000006001','SH01000000006001','http://think.5zyx.com/index.php/Front/index?code=SH01000000006001','2016-07-27 22:23:28','1','12',100);
INSERT INTO `tmp_package_print` VALUES (108,'2016-07-30',6,'SH01000000006','SH01000000006001','SH01000000006001','http://think.5zyx.com/index.php/Front/index?code=SH01000000006001','2016-07-27 22:23:28','1','12',100);
INSERT INTO `tmp_package_print` VALUES (109,'2016-07-30',6,'SH01000000006','SH01000000006001','SH01000000006001','http://think.5zyx.com/index.php/Front/index?code=SH01000000006001','2016-07-27 22:23:28','1','12',100);
INSERT INTO `tmp_package_print` VALUES (110,'2016-07-30',6,'SH01000000006','SH01000000006001','SH01000000006001','http://think.5zyx.com/index.php/Front/index?code=SH01000000006001','2016-07-27 22:23:28','1','12',100);
INSERT INTO `tmp_package_print` VALUES (111,'2016-07-30',6,'SH01000000006','SH01000000006001','SH01000000006001','http://think.5zyx.com/index.php/Front/index?code=SH01000000006001','2016-07-27 22:23:28','1','12',100);
INSERT INTO `tmp_package_print` VALUES (112,'2016-07-30',6,'SH01000000006','SH01000000006001','SH01000000006001','http://think.5zyx.com/index.php/Front/index?code=SH01000000006001','2016-07-27 22:23:28','1','12',100);
INSERT INTO `tmp_package_print` VALUES (113,'2016-07-30',6,'SH01000000006','SH01000000006001','SH01000000006001','http://think.5zyx.com/index.php/Front/index?code=SH01000000006001','2016-07-27 22:23:28','1','12',100);
INSERT INTO `tmp_package_print` VALUES (114,'2016-07-30',6,'SH01000000006','SH01000000006001','SH01000000006001','http://think.5zyx.com/index.php/Front/index?code=SH01000000006001','2016-07-27 22:23:28','1','12',100);
INSERT INTO `tmp_package_print` VALUES (115,'2016-07-30',6,'SH01000000006','SH01000000006001','SH01000000006001','http://think.5zyx.com/index.php/Front/index?code=SH01000000006001','2016-07-27 22:23:28','1','12',100);
INSERT INTO `tmp_package_print` VALUES (116,'2016-07-30',6,'SH01000000006','SH01000000006001','SH01000000006001','http://think.5zyx.com/index.php/Front/index?code=SH01000000006001','2016-07-27 22:23:28','1','12',100);
INSERT INTO `tmp_package_print` VALUES (117,'2016-07-30',6,'SH01000000006','SH01000000006001','SH01000000006001','http://think.5zyx.com/index.php/Front/index?code=SH01000000006001','2016-07-27 22:23:28','1','12',100);
INSERT INTO `tmp_package_print` VALUES (118,'2016-07-30',6,'SH01000000006','SH01000000006001','SH01000000006001','http://think.5zyx.com/index.php/Front/index?code=SH01000000006001','2016-07-27 22:23:28','1','12',100);
INSERT INTO `tmp_package_print` VALUES (119,'2016-07-30',6,'SH01000000006','SH01000000006001','SH01000000006001','http://think.5zyx.com/index.php/Front/index?code=SH01000000006001','2016-07-27 22:23:28','1','12',100);
INSERT INTO `tmp_package_print` VALUES (120,'2016-07-30',6,'SH01000000006','SH01000000006001','SH01000000006001','http://think.5zyx.com/index.php/Front/index?code=SH01000000006001','2016-07-27 22:23:28','1','12',100);
INSERT INTO `tmp_package_print` VALUES (121,'2016-07-30',6,'SH01000000006','SH01000000006001','SH01000000006001','http://think.5zyx.com/index.php/Front/index?code=SH01000000006001','2016-07-27 22:23:28','1','12',100);
INSERT INTO `tmp_package_print` VALUES (122,'2016-07-30',6,'SH01000000006','SH01000000006001','SH01000000006001','http://think.5zyx.com/index.php/Front/index?code=SH01000000006001','2016-07-27 22:23:28','1','12',100);
INSERT INTO `tmp_package_print` VALUES (123,'2016-07-30',6,'SH01000000006','SH01000000006001','SH01000000006001','http://think.5zyx.com/index.php/Front/index?code=SH01000000006001','2016-07-27 22:23:28','1','12',100);
INSERT INTO `tmp_package_print` VALUES (124,'2016-07-30',6,'SH01000000006','SH01000000006001','SH01000000006001','http://think.5zyx.com/index.php/Front/index?code=SH01000000006001','2016-07-27 22:23:28','1','12',100);
INSERT INTO `tmp_package_print` VALUES (125,'2016-07-30',6,'SH01000000006','SH01000000006001','SH01000000006001','http://think.5zyx.com/index.php/Front/index?code=SH01000000006001','2016-07-27 22:23:28','1','12',100);
INSERT INTO `tmp_package_print` VALUES (126,'2016-07-30',6,'SH01000000006','SH01000000006001','SH01000000006001','http://think.5zyx.com/index.php/Front/index?code=SH01000000006001','2016-07-27 22:23:28','1','12',100);
INSERT INTO `tmp_package_print` VALUES (127,'2016-07-30',6,'SH01000000006','SH01000000006001','SH01000000006001','http://think.5zyx.com/index.php/Front/index?code=SH01000000006001','2016-07-27 22:23:28','1','12',100);
INSERT INTO `tmp_package_print` VALUES (128,'2016-07-30',6,'SH01000000006','SH01000000006001','SH01000000006001','http://think.5zyx.com/index.php/Front/index?code=SH01000000006001','2016-07-27 22:23:28','1','12',100);
INSERT INTO `tmp_package_print` VALUES (129,'2016-07-30',6,'SH01000000006','SH01000000006001','SH01000000006001','http://think.5zyx.com/index.php/Front/index?code=SH01000000006001','2016-07-27 22:23:28','1','12',100);
INSERT INTO `tmp_package_print` VALUES (130,'2016-07-30',6,'SH01000000006','SH01000000006001','SH01000000006001','http://think.5zyx.com/index.php/Front/index?code=SH01000000006001','2016-07-27 22:23:28','1','12',100);
INSERT INTO `tmp_package_print` VALUES (131,'2016-07-30',6,'SH01000000006','SH01000000006001','SH01000000006001','http://think.5zyx.com/index.php/Front/index?code=SH01000000006001','2016-07-27 22:23:28','1','12',100);
INSERT INTO `tmp_package_print` VALUES (132,'2016-07-30',6,'SH01000000006','SH01000000006001','SH01000000006001','http://think.5zyx.com/index.php/Front/index?code=SH01000000006001','2016-07-27 22:23:28','1','12',100);
INSERT INTO `tmp_package_print` VALUES (133,'2016-07-30',6,'SH01000000006','SH01000000006001','SH01000000006001','http://think.5zyx.com/index.php/Front/index?code=SH01000000006001','2016-07-27 22:23:28','1','12',100);
INSERT INTO `tmp_package_print` VALUES (134,'2016-07-30',6,'SH01000000006','SH01000000006001','SH01000000006001','http://think.5zyx.com/index.php/Front/index?code=SH01000000006001','2016-07-27 22:23:28','1','12',100);
INSERT INTO `tmp_package_print` VALUES (135,'2016-07-30',6,'SH01000000006','SH01000000006001','SH01000000006001','http://think.5zyx.com/index.php/Front/index?code=SH01000000006001','2016-07-27 22:23:28','1','12',100);
INSERT INTO `tmp_package_print` VALUES (136,'2016-07-30',6,'SH01000000006','SH01000000006001','SH01000000006001','http://think.5zyx.com/index.php/Front/index?code=SH01000000006001','2016-07-27 22:23:28','1','12',100);
INSERT INTO `tmp_package_print` VALUES (137,'2016-07-30',6,'SH01000000006','SH01000000006001','SH01000000006001','http://think.5zyx.com/index.php/Front/index?code=SH01000000006001','2016-07-27 22:23:28','1','12',100);
INSERT INTO `tmp_package_print` VALUES (138,'2016-07-30',6,'SH01000000006','SH01000000006001','SH01000000006001','http://think.5zyx.com/index.php/Front/index?code=SH01000000006001','2016-07-27 22:23:28','1','12',100);
INSERT INTO `tmp_package_print` VALUES (139,'2016-07-30',6,'SH01000000006','SH01000000006001','SH01000000006001','http://think.5zyx.com/index.php/Front/index?code=SH01000000006001','2016-07-27 22:23:28','1','12',100);
INSERT INTO `tmp_package_print` VALUES (140,'2016-07-30',6,'SH01000000006','SH01000000006001','SH01000000006001','http://think.5zyx.com/index.php/Front/index?code=SH01000000006001','2016-07-27 22:23:28','1','12',100);
INSERT INTO `tmp_package_print` VALUES (141,'2016-07-30',6,'SH01000000006','SH01000000006001','SH01000000006001','http://think.5zyx.com/index.php/Front/index?code=SH01000000006001','2016-07-27 22:23:28','1','12',100);
INSERT INTO `tmp_package_print` VALUES (142,'2016-07-30',6,'SH01000000006','SH01000000006001','SH01000000006001','http://think.5zyx.com/index.php/Front/index?code=SH01000000006001','2016-07-27 22:23:28','1','12',100);
INSERT INTO `tmp_package_print` VALUES (143,'2016-07-30',6,'SH01000000006','SH01000000006001','SH01000000006001','http://think.5zyx.com/index.php/Front/index?code=SH01000000006001','2016-07-27 22:23:28','1','12',100);
INSERT INTO `tmp_package_print` VALUES (144,'2016-07-30',6,'SH01000000006','SH01000000006001','SH01000000006001','http://think.5zyx.com/index.php/Front/index?code=SH01000000006001','2016-07-27 22:23:28','1','12',100);
INSERT INTO `tmp_package_print` VALUES (145,'2016-07-30',6,'SH01000000006','SH01000000006001','SH01000000006001','http://think.5zyx.com/index.php/Front/index?code=SH01000000006001','2016-07-27 22:23:28','1','12',100);
INSERT INTO `tmp_package_print` VALUES (146,'2016-07-30',6,'SH01000000006','SH01000000006001','SH01000000006001','http://think.5zyx.com/index.php/Front/index?code=SH01000000006001','2016-07-27 22:23:28','1','12',100);
INSERT INTO `tmp_package_print` VALUES (147,'2016-07-30',6,'SH01000000006','SH01000000006001','SH01000000006001','http://think.5zyx.com/index.php/Front/index?code=SH01000000006001','2016-07-27 22:23:28','1','12',100);
INSERT INTO `tmp_package_print` VALUES (148,'2016-07-30',6,'SH01000000006','SH01000000006001','SH01000000006001','http://think.5zyx.com/index.php/Front/index?code=SH01000000006001','2016-07-27 22:23:28','1','12',100);
INSERT INTO `tmp_package_print` VALUES (149,'2016-07-30',6,'SH01000000006','SH01000000006001','SH01000000006001','http://think.5zyx.com/index.php/Front/index?code=SH01000000006001','2016-07-27 22:23:28','1','12',100);
INSERT INTO `tmp_package_print` VALUES (150,'2016-07-30',6,'SH01000000006','SH01000000006001','SH01000000006001','http://think.5zyx.com/index.php/Front/index?code=SH01000000006001','2016-07-27 22:23:28','1','12',100);
INSERT INTO `tmp_package_print` VALUES (151,'2016-07-30',6,'SH01000000006','SH01000000006001','SH01000000006001','http://think.5zyx.com/index.php/Front/index?code=SH01000000006001','2016-07-27 22:23:28','1','12',100);
INSERT INTO `tmp_package_print` VALUES (152,'2016-07-30',6,'SH01000000006','SH01000000006001','SH01000000006001','http://think.5zyx.com/index.php/Front/index?code=SH01000000006001','2016-07-27 22:23:28','1','12',100);
INSERT INTO `tmp_package_print` VALUES (153,'2016-07-30',6,'SH01000000006','SH01000000006001','SH01000000006001','http://think.5zyx.com/index.php/Front/index?code=SH01000000006001','2016-07-27 22:23:28','1','12',100);
INSERT INTO `tmp_package_print` VALUES (154,'2016-07-30',6,'SH01000000006','SH01000000006001','SH01000000006001','http://think.5zyx.com/index.php/Front/index?code=SH01000000006001','2016-07-27 22:23:28','1','12',100);
INSERT INTO `tmp_package_print` VALUES (155,'2016-07-30',6,'SH01000000006','SH01000000006001','SH01000000006001','http://think.5zyx.com/index.php/Front/index?code=SH01000000006001','2016-07-27 22:23:28','1','12',100);
INSERT INTO `tmp_package_print` VALUES (156,'2016-07-30',6,'SH01000000006','SH01000000006001','SH01000000006001','http://think.5zyx.com/index.php/Front/index?code=SH01000000006001','2016-07-27 22:23:28','1','12',100);
INSERT INTO `tmp_package_print` VALUES (157,'2016-07-30',6,'SH01000000006','SH01000000006001','SH01000000006001','http://think.5zyx.com/index.php/Front/index?code=SH01000000006001','2016-07-27 22:23:28','1','12',100);
INSERT INTO `tmp_package_print` VALUES (158,'2016-07-30',6,'SH01000000006','SH01000000006001','SH01000000006001','http://think.5zyx.com/index.php/Front/index?code=SH01000000006001','2016-07-27 22:23:28','1','12',100);
INSERT INTO `tmp_package_print` VALUES (159,'2016-07-30',6,'SH01000000006','SH01000000006001','SH01000000006001','http://think.5zyx.com/index.php/Front/index?code=SH01000000006001','2016-07-27 22:23:28','1','12',100);
INSERT INTO `tmp_package_print` VALUES (160,'2016-07-30',6,'SH01000000006','SH01000000006001','SH01000000006001','http://think.5zyx.com/index.php/Front/index?code=SH01000000006001','2016-07-27 22:23:28','1','12',100);
INSERT INTO `tmp_package_print` VALUES (161,'2016-07-30',6,'SH01000000006','SH01000000006001','SH01000000006001','http://think.5zyx.com/index.php/Front/index?code=SH01000000006001','2016-07-27 22:23:28','1','12',100);
INSERT INTO `tmp_package_print` VALUES (162,'2016-07-30',6,'SH01000000006','SH01000000006001','SH01000000006001','http://think.5zyx.com/index.php/Front/index?code=SH01000000006001','2016-07-27 22:23:28','1','12',100);
INSERT INTO `tmp_package_print` VALUES (163,'2016-07-30',6,'SH01000000006','SH01000000006001','SH01000000006001','http://think.5zyx.com/index.php/Front/index?code=SH01000000006001','2016-07-27 22:23:28','1','12',100);
INSERT INTO `tmp_package_print` VALUES (164,'2016-07-30',6,'SH01000000006','SH01000000006001','SH01000000006001','http://think.5zyx.com/index.php/Front/index?code=SH01000000006001','2016-07-27 22:23:28','1','12',100);
INSERT INTO `tmp_package_print` VALUES (165,'2016-07-30',6,'SH01000000006','SH01000000006001','SH01000000006001','http://think.5zyx.com/index.php/Front/index?code=SH01000000006001','2016-07-27 22:23:28','1','12',100);
INSERT INTO `tmp_package_print` VALUES (166,'2016-07-30',6,'SH01000000006','SH01000000006001','SH01000000006001','http://think.5zyx.com/index.php/Front/index?code=SH01000000006001','2016-07-27 22:23:28','1','12',100);
/*!40000 ALTER TABLE `tmp_package_print` ENABLE KEYS */;
UNLOCK TABLES;

#
# Source for table trace
#

DROP TABLE IF EXISTS `trace`;
CREATE TABLE `trace` (
  `id` int(11) NOT NULL AUTO_INCREMENT,
  `product_num` varchar(255) DEFAULT NULL COMMENT '发货产品条码',
  `send_time` datetime DEFAULT NULL COMMENT '发货时间',
  `customer` varchar(255) DEFAULT NULL COMMENT '客户',
  PRIMARY KEY (`id`)
) ENGINE=InnoDB DEFAULT CHARSET=utf8 COMMENT='产品追溯';

#
# Dumping data for table trace
#

LOCK TABLES `trace` WRITE;
/*!40000 ALTER TABLE `trace` DISABLE KEYS */;
/*!40000 ALTER TABLE `trace` ENABLE KEYS */;
UNLOCK TABLES;

/*!40014 SET FOREIGN_KEY_CHECKS=@OLD_FOREIGN_KEY_CHECKS */;
/*!40014 SET UNIQUE_CHECKS=@OLD_UNIQUE_CHECKS */;
/*!40111 SET SQL_NOTES=@OLD_SQL_NOTES */;
/*!40101 SET SQL_MODE=@OLD_SQL_MODE */;
